Date,0
1993-11-12,10000.0
1993-11-15,10000.0
1993-11-16,10000.0
1993-11-17,10000.0
1993-11-18,10000.0
1993-11-19,10000.0
1993-11-22,10000.0
1993-11-23,10000.0
1993-11-24,10000.0
1993-11-26,10000.0
1993-11-29,10000.0
1993-11-30,10000.0
1993-12-01,10114.205744191217
1993-12-02,10083.211374445851
1993-12-03,10098.823632545811
1993-12-06,10086.445925612064
1993-12-07,10060.121502895317
1993-12-08,10014.287590685482
1993-12-09,10066.679345208904
1993-12-10,9934.848130178758
1993-12-13,10020.764334161358
1993-12-14,9962.835132860719
1993-12-15,9934.160844816746
1993-12-16,9859.612470490036
1993-12-17,9878.934737492755
1993-12-20,9832.967601451628
1993-12-21,9867.12826489985
1993-12-22,10002.819538993006
1993-12-23,10026.923155585417
1993-12-27,10037.607285352928
1993-12-28,10064.863884361623
1993-12-29,10126.02472071023
1993-12-30,10165.093537102044
1993-12-31,10217.55563919156
1994-01-03,9918.725059420129
1994-01-04,9998.0395160726
1994-01-05,10063.263822090903
1994-01-06,9968.000121838788
1994-01-07,10180.92170313266
1994-01-10,10464.618060991337
1994-01-11,10469.709376713277
1994-01-12,10484.203922198281
1994-01-13,10546.965112424894
1994-01-14,10597.012690432974
1994-01-17,10657.050268698033
1994-01-18,10618.752458180279
1994-01-19,10517.677788899806
1994-01-20,10547.999296500335
1994-01-21,10666.099401957843
1994-01-24,10488.134918426149
1994-01-25,10398.463075808586
1994-01-26,10270.94563836757
1994-01-27,10367.877332996752
1994-01-28,10568.570558154583
1994-01-31,10674.947285166958
1994-02-01,10660.266946256632
1994-02-02,10782.695247777614
1994-02-03,10794.256492569299
1994-02-04,10390.0025726849
1994-02-07,10633.664350136332
1994-02-08,10605.884164226518
1994-02-09,10628.35580509204
1994-02-10,10640.233830920139
1994-02-11,10610.552118105565
1994-02-14,10682.116206082226
1994-02-15,10783.884275460847
1994-02-16,10907.047776313419
1994-02-17,10768.634678875555
1994-02-18,10747.102484329058
1994-02-22,10803.556807585686
1994-02-23,10863.371792692535
1994-02-24,10653.541847133592
1994-02-25,10622.331297300589
1994-02-28,10790.010374820838
1994-03-01,10716.21040144734
1994-03-02,10946.936719243156
1994-03-03,11043.244890991038
1994-03-04,11215.900784172534
1994-03-07,11342.364749287528
1994-03-08,11292.080247898382
1994-03-09,11463.083451003593
1994-03-10,11399.448592928582
1994-03-11,11475.249232688648
1994-03-14,11556.871135273226
1994-03-15,11702.256965418612
1994-03-16,11724.111193196935
1994-03-17,11788.421415422756
1994-03-18,11828.683613913843
1994-03-21,11874.536928048754
1994-03-22,11957.167999114195
1994-03-23,11965.48950706589
1994-03-24,11696.21841318457
1994-03-25,11645.087456511783
1994-03-28,11412.048228336906
1994-03-29,11044.72495221342
1994-03-30,10898.166781989417
1994-03-31,10936.855689973896
1994-04-04,10930.29357655991
1994-04-05,10930.29357655991
1994-04-06,10930.29357655991
1994-04-07,10930.29357655991
1994-04-08,10930.29357655991
1994-04-11,10930.29357655991
1994-04-12,10930.29357655991
1994-04-13,10930.29357655991
1994-04-14,10930.29357655991
1994-04-15,10930.29357655991
1994-04-18,10930.29357655991
1994-04-19,10930.29357655991
1994-04-20,10930.29357655991
1994-04-21,10930.29357655991
1994-04-22,10930.29357655991
1994-04-25,10930.29357655991
1994-04-26,10930.29357655991
1994-04-28,10930.29357655991
1994-04-29,10930.29357655991
1994-05-02,10930.29357655991
1994-05-03,10930.29357655991
1994-05-04,10930.29357655991
1994-05-05,10930.29357655991
1994-05-06,10930.29357655991
1994-05-09,10930.29357655991
1994-05-10,10930.29357655991
1994-05-11,10930.29357655991
1994-05-12,10930.29357655991
1994-05-13,10930.29357655991
1994-05-16,10930.29357655991
1994-05-17,10930.29357655991
1994-05-18,10930.29357655991
1994-05-19,10930.29357655991
1994-05-20,10930.29357655991
1994-05-23,10930.29357655991
1994-05-24,10930.29357655991
1994-05-25,10930.29357655991
1994-05-26,10930.29357655991
1994-05-27,10930.29357655991
1994-05-31,10930.29357655991
1994-06-01,10930.29357655991
1994-06-02,10930.29357655991
1994-06-03,10930.29357655991
1994-06-06,10930.29357655991
1994-06-07,10930.29357655991
1994-06-08,10930.29357655991
1994-06-09,10930.29357655991
1994-06-10,10930.29357655991
1994-06-13,10930.29357655991
1994-06-14,10930.29357655991
1994-06-15,10930.29357655991
1994-06-16,10930.29357655991
1994-06-17,10930.29357655991
1994-06-20,10930.29357655991
1994-06-21,10930.29357655991
1994-06-22,10930.29357655991
1994-06-23,10930.29357655991
1994-06-24,10930.29357655991
1994-06-27,10930.29357655991
1994-06-28,10930.29357655991
1994-06-29,10930.29357655991
1994-06-30,10930.29357655991
1994-07-01,10930.29357655991
1994-07-05,10930.29357655991
1994-07-06,10930.29357655991
1994-07-07,10930.29357655991
1994-07-08,10930.29357655991
1994-07-11,10930.29357655991
1994-07-12,10930.29357655991
1994-07-13,10930.29357655991
1994-07-14,10930.29357655991
1994-07-15,10930.29357655991
1994-07-18,10930.29357655991
1994-07-19,10930.29357655991
1994-07-20,10930.29357655991
1994-07-21,10930.29357655991
1994-07-22,10930.29357655991
1994-07-25,10930.29357655991
1994-07-26,10930.29357655991
1994-07-27,10930.29357655991
1994-07-28,10930.29357655991
1994-07-29,10930.29357655991
1994-08-01,11031.137171351696
1994-08-02,11029.366486970528
1994-08-03,10947.137681110144
1994-08-04,10684.08046124276
1994-08-05,10489.700276712001
1994-08-08,10533.929831997038
1994-08-09,10634.862562117618
1994-08-10,10784.348505324804
1994-08-11,10768.181326464177
1994-08-12,10779.340077962132
1994-08-15,10864.610978308769
1994-08-16,10964.829917834964
1994-08-17,11069.885193493308
1994-08-18,11022.953711630696
1994-08-19,11026.827619095118
1994-08-22,10961.354803648666
1994-08-23,11076.735475670675
1994-08-24,11102.14912206635
1994-08-25,11219.202769400714
1994-08-26,11368.731467950576
1994-08-29,11313.218638457422
1994-08-30,11395.87654966578
1994-08-31,11264.242165534259
1994-09-01,11226.188711820963
1994-09-02,11169.540838280504
1994-09-06,10997.109231332219
1994-09-07,11141.375231022366
1994-09-08,11252.773862020753
1994-09-09,11116.293333835656
1994-09-12,11034.866306102269
1994-09-13,11090.967058355545
1994-09-14,11333.346722347764
1994-09-15,11506.380254240315
1994-09-16,11418.491096812942
1994-09-19,11354.117936034148
1994-09-20,11117.315726519011
1994-09-21,11170.519130337865
1994-09-22,11067.419756014478
1994-09-23,10928.661747902315
1994-09-26,10821.68270186765
1994-09-27,10727.974846244399
1994-09-28,10907.766377898684
1994-09-29,10925.83117260725
1994-09-30,10991.860044692963
1994-10-03,10961.030862397802
1994-10-04,10782.467058572547
1994-10-05,10808.29845907158
1994-10-06,10700.316477115197
1994-10-07,10885.942718093229
1994-10-10,11019.04939292098
1994-10-11,11241.468678415476
1994-10-12,11326.622806731257
1994-10-13,11330.327328917509
1994-10-14,11277.656196551648
1994-10-17,11309.715059204878
1994-10-18,11321.201263675652
1994-10-19,11473.272277925003
1994-10-20,11455.910490231809
1994-10-21,11392.922299608805
1994-10-24,11254.917083572678
1994-10-25,11298.648060263047
1994-10-26,11397.939286868506
1994-10-27,11430.792754203036
1994-10-28,11533.267793648152
1994-10-31,11523.294026134696
1994-11-01,11346.943339247879
1994-11-02,11288.34983904795
1994-11-03,11256.19836253625
1994-11-04,11074.282006217225
1994-11-07,11050.423240680391
1994-11-08,11237.07596943832
1994-11-09,11222.01082840175
1994-11-10,11101.175369737286
1994-11-11,11004.1522254125
1994-11-14,11245.493272908243
1994-11-15,11256.0707845818
1994-11-16,11265.501807181308
1994-11-17,11214.346584715107
1994-11-18,11263.861399183921
1994-11-21,11136.004090915827
1994-11-22,10747.471260545002
1994-11-23,10702.098009907266
1994-11-25,10844.598903601813
1994-11-28,10945.765597640502
1994-11-29,11061.173702135326
1994-11-30,11049.49369976815
1994-12-01,11042.86400354829
1994-12-02,11042.86400354829
1994-12-05,11042.86400354829
1994-12-06,11042.86400354829
1994-12-07,11042.86400354829
1994-12-08,11042.86400354829
1994-12-09,11042.86400354829
1994-12-12,11042.86400354829
1994-12-13,11042.86400354829
1994-12-14,11042.86400354829
1994-12-15,11042.86400354829
1994-12-16,11042.86400354829
1994-12-19,11042.86400354829
1994-12-20,11042.86400354829
1994-12-21,11042.86400354829
1994-12-22,11042.86400354829
1994-12-23,11042.86400354829
1994-12-27,11042.86400354829
1994-12-28,11042.86400354829
1994-12-29,11042.86400354829
1994-12-30,11042.86400354829
1995-01-03,10788.963346802271
1995-01-04,10838.309529745502
1995-01-05,10832.579378047107
1995-01-06,10839.49965017818
1995-01-09,10912.324811208577
1995-01-10,11024.442154930042
1995-01-11,11069.779368976831
1995-01-12,10872.661763871214
1995-01-13,10919.033927004535
1995-01-16,11061.60576331791
1995-01-17,11130.798454809299
1995-01-18,11160.283291968755
1995-01-19,11031.772846464833
1995-01-20,10906.547715920751
1995-01-23,10910.484231267155
1995-01-24,11026.407170363987
1995-01-25,10994.284894631164
1995-01-26,10978.74752877844
1995-01-27,11001.747976188872
1995-01-30,10864.46893555227
1995-01-31,10947.102896868493
1995-02-01,10844.441800432416
1995-02-02,10860.581250441712
1995-02-03,10953.26525022587
1995-02-06,11009.971573927463
1995-02-07,10984.738016488538
1995-02-08,11145.960940997898
1995-02-09,11065.033359036188
1995-02-10,11126.345678515709
1995-02-13,11114.94383207757
1995-02-14,11127.744910498006
1995-02-15,11104.282739096936
1995-02-16,11124.09583047782
1995-02-17,11064.28764211781
1995-02-21,11024.987038287143
1995-02-22,11225.146706575351
1995-02-23,11359.137540581225
1995-02-24,11442.11586306801
1995-02-27,11422.23187729543
1995-02-28,11577.496705877276
1995-03-01,11602.155542456478
1995-03-02,11664.074702847183
1995-03-03,11745.79513385505
1995-03-06,11883.867996124196
1995-03-07,11783.279305817208
1995-03-08,11781.918276670074
1995-03-09,11815.093784553766
1995-03-10,11859.63297860162
1995-03-13,11998.925740106833
1995-03-14,12128.408543247875
1995-03-15,12151.43443552442
1995-03-16,12223.058476129827
1995-03-17,12341.74935104473
1995-03-20,12450.555667098684
1995-03-21,12452.681841299038
1995-03-22,12500.11405476435
1995-03-23,12615.462533918088
1995-03-24,12657.645621673304
1995-03-27,12737.997530374712
1995-03-28,12819.813509486738
1995-03-29,12572.309496165679
1995-03-30,12334.418589891593
1995-03-31,12360.280485773581
1995-04-03,12378.027210399694
1995-04-04,12344.608178384584
1995-04-05,12488.724840600391
1995-04-06,12451.34468030698
1995-04-07,12443.371067384482
1995-04-10,12649.337027272284
1995-04-11,12738.777251811938
1995-04-12,12916.128080804063
1995-04-13,13077.366664953675
1995-04-17,12911.36458989072
1995-04-18,12891.735103174375
1995-04-19,12741.052652644998
1995-04-20,12754.960258330779
1995-04-21,12850.59104910817
1995-04-24,13081.974023998435
1995-04-25,13202.643306213056
1995-04-26,13308.869206987196
1995-04-27,13429.697505675018
1995-04-28,13436.70292835523
1995-05-01,13276.617380785337
1995-05-02,13343.363710765452
1995-05-03,13541.875303874054
1995-05-04,13568.159176135256
1995-05-05,13358.248683436754
1995-05-08,13483.794709398653
1995-05-09,13589.12387220701
1995-05-10,13584.194843096517
1995-05-11,13696.030018795553
1995-05-12,13665.76911540433
1995-05-15,13669.188104295603
1995-05-16,13640.473542245925
1995-05-17,13836.686976815416
1995-05-18,13649.999024794237
1995-05-19,13677.339424388694
1995-05-22,13834.942527142926
1995-05-23,14094.660208035904
1995-05-24,13961.749317512762
1995-05-25,13949.68827474859
1995-05-26,13809.77082374157
1995-05-30,13399.687376975855
1995-05-31,13569.775203108737
1995-06-01,13734.918335523682
1995-06-02,13929.560579018911
1995-06-05,13995.857451941807
1995-06-06,13817.455319976216
1995-06-07,13883.591794408501
1995-06-08,14063.375652311704
1995-06-09,13957.869525065214
1995-06-12,13971.441054633422
1995-06-13,14060.74775031799
1995-06-14,14263.424080841134
1995-06-15,14522.545640977069
1995-06-16,14799.683454015536
1995-06-19,15387.823993191307
1995-06-20,15688.75979787671
1995-06-21,15486.88205362562
1995-06-22,15825.866644979873
1995-06-23,15748.952068998082
1995-06-26,15440.635816421272
1995-06-27,15256.878507951553
1995-06-28,15235.055233667177
1995-06-29,15450.721827975436
1995-06-30,15587.497235534458
1995-07-03,15585.411053636373
1995-07-05,15689.823725391721
1995-07-06,16174.095814424421
1995-07-07,16387.12544059091
1995-07-10,16357.169907153777
1995-07-11,16269.529535107427
1995-07-12,16849.59274120224
1995-07-13,16998.441356690102
1995-07-14,17151.33154326065
1995-07-17,17426.123828115622
1995-07-18,16919.612457947558
1995-07-19,16172.611181821612
1995-07-20,16161.67664464154
1995-07-21,16187.581683202377
1995-07-24,16730.295662133667
1995-07-25,17129.82822678993
1995-07-26,17284.148195906586
1995-07-27,17591.2827482824
1995-07-28,17257.12270772281
1995-07-31,17133.390851478835
1995-08-01,16719.247805279898
1995-08-02,16116.846758298037
1995-08-03,16045.143252029797
1995-08-04,16155.360528833022
1995-08-07,16300.441907089235
1995-08-08,16524.90727982104
1995-08-09,16839.203658177754
1995-08-10,16790.946463570785
1995-08-11,16948.38715845558
1995-08-14,17440.502760511183
1995-08-15,17489.998240347024
1995-08-16,18185.59525044239
1995-08-17,18111.182670403596
1995-08-18,17924.45949869358
1995-08-21,17048.933383321102
1995-08-22,17395.752920970208
1995-08-23,17574.906881461575
1995-08-24,17481.769706925243
1995-08-25,17131.76511335697
1995-08-28,16680.597590962538
1995-08-29,16617.082925199607
1995-08-30,16798.74851206293
1995-08-31,17084.497565353417
1995-09-01,16943.950993069855
1995-09-05,17513.537153573197
1995-09-06,17792.711969687505
1995-09-07,17748.37393563198
1995-09-08,17832.174081957914
1995-09-11,17901.148762532026
1995-09-12,17635.94545180062
1995-09-13,17780.842057341313
1995-09-14,17477.338612801526
1995-09-15,17278.32418833866
1995-09-18,17400.82910712896
1995-09-19,17818.185575807598
1995-09-20,17703.030340902646
1995-09-21,17405.18447574792
1995-09-22,17238.856225636122
1995-09-25,17035.93481329946
1995-09-26,16894.92066063495
1995-09-27,16694.56893613062
1995-09-28,17328.330171314385
1995-09-29,17193.642596256854
1995-10-02,16842.93381971008
1995-10-03,16608.247539670665
1995-10-04,16219.752652799127
1995-10-05,16716.404370502773
1995-10-06,16496.280718984
1995-10-09,16132.339813131885
1995-10-10,16030.39898324064
1995-10-11,16215.158717580345
1995-10-12,16562.36725293323
1995-10-13,16513.270334294815
1995-10-16,16275.726174083811
1995-10-17,16870.08299301216
1995-10-18,16854.115404383047
1995-10-19,16728.873418133557
1995-10-20,16334.488463052272
1995-10-23,16607.941232370085
1995-10-24,16547.327400927705
1995-10-25,16276.671049422679
1995-10-26,16220.60801093868
1995-10-27,16315.803558983329
1995-10-30,16745.899815247827
1995-10-31,16450.533924058705
1995-11-01,16602.80570117201
1995-11-02,16750.71265732691
1995-11-03,16913.479307735106
1995-11-06,16746.263462280414
1995-11-07,16493.82548275045
1995-11-08,16476.216629296974
1995-11-09,16668.74692096362
1995-11-10,16590.384365313672
1995-11-13,16563.730987852516
1995-11-14,16222.948090475478
1995-11-15,16004.903569365919
1995-11-16,16156.69991997401
1995-11-17,16093.825037863891
1995-11-20,16048.68602059851
1995-11-21,15943.130418105236
1995-11-22,15694.854683618223
1995-11-24,15817.995099525077
1995-11-27,15619.272162047062
1995-11-28,15971.485838112845
1995-11-29,16233.700091436076
1995-11-30,16231.26316721866
1995-12-01,16087.729796422062
1995-12-04,16181.426318146918
1995-12-05,16349.75112006608
1995-12-06,16309.35745637067
1995-12-07,16253.537193991371
1995-12-08,16253.10860560647
1995-12-11,16255.594842222768
1995-12-12,16221.965350391036
1995-12-13,16525.86029101555
1995-12-14,16666.76197202725
1995-12-15,16808.197370846752
1995-12-18,16497.917606804967
1995-12-19,16506.598711431056
1995-12-20,16392.919513320438
1995-12-21,16602.255865392413
1995-12-22,16645.297428768954
1995-12-26,16670.062894216335
1995-12-27,16724.672739642374
1995-12-28,16714.176597456437
1995-12-29,17052.996554073907
1996-01-02,16858.204884470204
1996-01-03,16697.071506707103
1996-01-04,16351.719247873527
1996-01-05,16214.131921814154
1996-01-08,16125.557799559107
1996-01-09,15693.6206937583
1996-01-10,15318.890476297684
1996-01-11,15452.338188427386
1996-01-12,15525.96608773679
1996-01-15,15325.279877330904
1996-01-16,15542.897422129874
1996-01-17,15679.824837281602
1996-01-18,15941.365144058824
1996-01-19,15969.801027409596
1996-01-22,16038.890570957112
1996-01-23,16103.010907527387
1996-01-24,16418.39526295991
1996-01-25,16424.107853245183
1996-01-26,16802.258497643306
1996-01-29,16896.790733678943
1996-01-30,17182.449024427937
1996-01-31,17422.078299775443
1996-02-01,17489.258564789605
1996-02-02,17309.93693176235
1996-02-05,17376.132705058564
1996-02-06,17518.449811813967
1996-02-07,17764.78665101939
1996-02-08,17902.437047415053
1996-02-09,17959.650357999115
1996-02-12,18083.288294237893
1996-02-13,18058.760880913625
1996-02-14,17930.023079111626
1996-02-15,17875.90021097745
1996-02-16,17835.679153420504
1996-02-20,17597.134354744074
1996-02-21,17696.939263348773
1996-02-22,18109.53894255495
1996-02-23,18049.701106917895
1996-02-26,17824.78830476682
1996-02-27,17616.06270284805
1996-02-28,17642.351724505508
1996-02-29,17601.65873502106
1996-03-01,17720.31617344264
1996-03-04,17784.66475443839
1996-03-05,18029.496866789137
1996-03-06,18196.14321387861
1996-03-07,18482.802290466327
1996-03-08,17993.71139849918
1996-03-11,18152.072940869293
1996-03-12,18267.62406240076
1996-03-13,18523.466123572474
1996-03-14,18571.08305416825
1996-03-15,18531.260389012095
1996-03-18,18672.709780966394
1996-03-19,18570.492874944845
1996-03-20,18438.62180621613
1996-03-21,18701.769585010486
1996-03-22,18823.584016386652
1996-03-25,19089.319549548727
1996-03-26,19041.336201359896
1996-03-27,18995.33802959271
1996-03-28,19108.538633490487
1996-03-29,18891.919114739798
1996-04-01,19232.941935808583
1996-04-02,19265.07390089203
1996-04-03,19049.15737324383
1996-04-04,19330.475004276002
1996-04-08,18932.85762424406
1996-04-09,19061.803631172428
1996-04-10,18968.083613526353
1996-04-11,19043.096830838465
1996-04-12,18999.921539028488
1996-04-15,18923.79575629517
1996-04-16,19252.360108171313
1996-04-17,19277.19281112072
1996-04-18,19240.98169281076
1996-04-19,19402.831062181715
1996-04-22,19485.850290454633
1996-04-23,19653.166428940895
1996-04-24,19823.007864979576
1996-04-25,19864.450164038633
1996-04-26,20071.819770296774
1996-04-29,19943.36185830986
1996-04-30,19772.426337891095
1996-05-01,19821.214092403276
1996-05-02,19640.67983207104
1996-05-03,19657.404505389713
1996-05-06,19674.377985636907
1996-05-07,19733.264276013626
1996-05-08,19437.9604693634
1996-05-09,19362.71182862623
1996-05-10,19700.603919430352
1996-05-13,20229.33114418484
1996-05-14,20493.079591388007
1996-05-15,20400.642844893486
1996-05-16,20465.1109043513
1996-05-17,20381.98210244029
1996-05-20,20677.992478122676
1996-05-21,20569.323055482047
1996-05-22,20721.44956740735
1996-05-23,20905.158512325146
1996-05-24,21011.350120905507
1996-05-28,20804.777534598532
1996-05-29,20696.922573178308
1996-05-30,20784.59714053805
1996-05-31,20870.19196736966
1996-06-03,20577.43737698116
1996-06-04,21013.70175997048
1996-06-05,21428.2120560725
1996-06-06,21653.45168433053
1996-06-07,21599.888860666993
1996-06-10,21751.267021396303
1996-06-11,21636.51403118392
1996-06-12,21710.72309499614
1996-06-13,21531.92604778003
1996-06-14,21350.47692186901
1996-06-17,21125.636351944315
1996-06-18,20595.66492264047
1996-06-19,20594.035133084548
1996-06-20,20292.357778830796
1996-06-21,20593.927049019945
1996-06-24,20810.20720104712
1996-06-25,20879.78896624037
1996-06-26,20587.122587811788
1996-06-27,21037.96327804123
1996-06-28,21352.672207808526
1996-07-01,21760.152019922712
1996-07-02,21727.902374473048
1996-07-03,21578.27406145121
1996-07-05,21039.837463809738
1996-07-08,21050.50971413184
1996-07-09,21466.490196946965
1996-07-10,21299.96703844394
1996-07-11,20701.95054999555
1996-07-12,20488.24338105038
1996-07-15,19357.08337732246
1996-07-16,19023.992753896244
1996-07-17,19924.791665508386
1996-07-18,20473.057718341588
1996-07-19,19997.524817950827
1996-07-22,19563.083105156507
1996-07-23,19112.696437483857
1996-07-24,18926.304205208933
1996-07-25,19032.747472529692
1996-07-26,19395.49797247681
1996-07-29,19401.272761161807
1996-07-30,19605.82116565404
1996-07-31,19660.364640927757
1996-08-01,20030.627316737256
1996-08-02,20445.938517746858
1996-08-05,20407.93772844449
1996-08-06,20786.2055922884
1996-08-07,20997.779326800788
1996-08-08,20994.074284422957
1996-08-09,20901.828835518932
1996-08-12,21135.928884407953
1996-08-13,20950.52622368593
1996-08-14,21076.870008784674
1996-08-15,21120.50554717362
1996-08-16,21090.02063729036
1996-08-19,21263.60086903674
1996-08-20,21053.686094058503
1996-08-21,21113.368869469763
1996-08-22,21393.44809958774
1996-08-23,21557.915032973986
1996-08-26,21476.654412055614
1996-08-27,21723.3030199165
1996-08-28,21943.28099111383
1996-08-29,21643.336097334803
1996-08-30,21683.298643686365
1996-09-03,21838.546122304087
1996-09-04,21793.186578671655
1996-09-05,21313.479697531377
1996-09-06,21864.84236342537
1996-09-09,22163.539705250838
1996-09-10,22355.128167089675
1996-09-11,22607.463193349777
1996-09-12,22735.364846501532
1996-09-13,23251.838285017067
1996-09-16,23429.624420679596
1996-09-17,23615.058269245757
1996-09-18,23424.49522857534
1996-09-19,23835.242305391297
1996-09-20,24058.515678560998
1996-09-23,23842.314583506686
1996-09-24,24275.462402785794
1996-09-25,24433.339494443804
1996-09-26,24180.12311740366
1996-09-27,24151.917859421963
1996-09-30,24039.960894831012
1996-10-01,24135.908152921682
1996-10-02,24633.81112901609
1996-10-03,24919.770330874562
1996-10-04,25045.73237056884
1996-10-07,25170.714175542125
1996-10-08,24774.03023974941
1996-10-09,24651.71991072837
1996-10-10,24848.016554699912
1996-10-11,25255.392195323213
1996-10-14,25188.308376735673
1996-10-15,25201.172173667186
1996-10-16,25119.384087620998
1996-10-17,25208.20229172503
1996-10-18,25282.673154332013
1996-10-21,24880.046921868143
1996-10-22,24473.482784203377
1996-10-23,24986.286369390204
1996-10-24,25224.92353293329
1996-10-25,25333.739301123733
1996-10-28,25222.079177402713
1996-10-29,25001.035928346344
1996-10-30,25010.30885872263
1996-10-31,25293.310064038946
1996-11-01,25162.01069203859
1996-11-04,25220.83370997151
1996-11-05,25361.518833405138
1996-11-06,25902.0870590152
1996-11-07,26140.062564229975
1996-11-08,26252.012667000417
1996-11-11,26524.752166398528
1996-11-12,26208.33456918544
1996-11-13,26276.580973908618
1996-11-14,26447.351530580203
1996-11-15,26261.736048622475
1996-11-18,26213.44645753053
1996-11-19,26120.246085015915
1996-11-20,25810.703040085245
1996-11-21,25493.25275739702
1996-11-22,26028.22052168272
1996-11-25,25842.490753917908
1996-11-26,25787.55926145688
1996-11-27,25847.09280048516
1996-11-29,25909.946292554054
1996-12-02,26006.084085486957
1996-12-03,25964.70102711838
1996-12-04,25919.371753519732
1996-12-05,25900.646414360574
1996-12-06,25707.996397040002
1996-12-09,26101.866611642225
1996-12-10,25777.185370274823
1996-12-11,25525.41577405683
1996-12-12,25145.690622169448
1996-12-13,25026.860180120075
1996-12-16,24800.442441313364
1996-12-17,24735.22050675721
1996-12-18,25320.76823036115
1996-12-19,25365.49284661929
1996-12-20,25382.594218641836
1996-12-23,25336.74613617018
1996-12-24,25423.979835464837
1996-12-26,25382.456251580927
1996-12-27,25181.25379938865
1996-12-30,25280.19890809024
1996-12-31,25420.88260543245
1997-01-02,25218.72022845447
1997-01-03,25893.22177495383
1997-01-06,26341.9230355706
1997-01-07,26616.348876791824
1997-01-08,26653.38948677458
1997-01-09,26703.193012583917
1997-01-10,27007.611630451218
1997-01-13,27299.17219786167
1997-01-14,27933.21201994196
1997-01-15,27427.86409259359
1997-01-16,27539.868667708834
1997-01-17,27678.112174516802
1997-01-20,28060.567284263947
1997-01-21,28523.366924350597
1997-01-22,28510.84186665898
1997-01-23,28215.769812572504
1997-01-24,28340.951694977364
1997-01-27,28000.724508592975
1997-01-28,28446.117054224756
1997-01-29,28648.4558876257
1997-01-30,29160.533528493186
1997-01-31,29654.153051085155
1997-02-03,29966.86901344608
1997-02-04,29770.782220435063
1997-02-05,29058.01442248423
1997-02-06,29093.872509611723
1997-02-07,29185.62362303349
1997-02-10,28328.648174617345
1997-02-11,28628.175812359765
1997-02-12,29417.995491330694
1997-02-13,29808.863750869463
1997-02-14,29336.386321291615
1997-02-18,29600.882551460545
1997-02-19,29976.092011354373
1997-02-20,29602.327804274097
1997-02-21,29308.789808286794
1997-02-24,29815.992417277695
1997-02-25,29888.10117586979
1997-02-26,29460.173212540554
1997-02-27,28950.15808681203
1997-02-28,29059.664489833223
1997-03-03,29259.767796230397
1997-03-04,29108.451009174172
1997-03-05,29345.34948280239
1997-03-06,28874.16175860809
1997-03-07,28712.46429811444
1997-03-10,28920.031919908586
1997-03-11,28898.26833823143
1997-03-12,29047.331736441483
1997-03-13,28949.556240679856
1997-03-14,28786.897859748595
1997-03-17,28522.859414335962
1997-03-18,28175.300688107825
1997-03-19,27452.915290654513
1997-03-20,27578.49188780406
1997-03-21,27325.762543476634
1997-03-24,27237.178447118138
1997-03-25,27691.0354297937
1997-03-26,28246.793089560495
1997-03-27,28018.782745771867
1997-03-31,27673.417465147988
1997-04-01,27657.077577415253
1997-04-02,27114.435620743912
1997-04-03,27341.569961431353
1997-04-04,28148.976453291765
1997-04-07,28619.37104768332
1997-04-08,29035.025017478798
1997-04-09,28779.984785115204
1997-04-10,28153.431068824
1997-04-11,27353.7615642552
1997-04-14,27436.25443156827
1997-04-15,27404.174662162994
1997-04-16,27733.375984766142
1997-04-17,28105.295273391548
1997-04-18,27983.770322363303
1997-04-21,27508.230033507294
1997-04-22,28066.617551525862
1997-04-23,28542.605713176537
1997-04-24,28889.203793159642
1997-04-25,28242.119742272273
1997-04-28,28528.954276056797
1997-04-29,29383.418332632806
1997-04-30,29741.655863731205
1997-05-01,29795.224418730413
1997-05-02,30821.780608676385
1997-05-05,31314.226467020275
1997-05-06,30956.020519993945
1997-05-07,30597.272376907837
1997-05-08,30967.111914352867
1997-05-09,30856.107279902124
1997-05-12,30822.402662057397
1997-05-13,30584.822533543593
1997-05-14,30550.347917577386
1997-05-15,31169.46629446165
1997-05-16,30755.73312354993
1997-05-19,30757.46352598724
1997-05-20,31287.883287237746
1997-05-21,31214.43463665507
1997-05-22,31069.138707081398
1997-05-23,31387.290927485912
1997-05-27,31958.088367345135
1997-05-28,31953.31063422033
1997-05-29,31523.285755127377
1997-05-30,31410.334560134084
1997-06-02,31759.705114890563
1997-06-03,31177.916653754073
1997-06-04,31132.035237372846
1997-06-05,31081.363279658828
1997-06-06,31928.313296379252
1997-06-09,32130.993178438945
1997-06-10,31824.42293549597
1997-06-11,31778.314492107267
1997-06-12,31687.316464913376
1997-06-13,32337.008696501198
1997-06-16,32649.378173996232
1997-06-17,32856.669609240584
1997-06-18,32777.19077071071
1997-06-19,32907.14645921452
1997-06-20,32700.73837049458
1997-06-23,32242.724761824244
1997-06-24,32516.5299324366
1997-06-25,32557.6019500905
1997-06-26,32273.96531179194
1997-06-27,32389.001878398878
1997-06-30,31971.90963410364
1997-07-01,32258.526323159556
1997-07-02,32837.933552359085
1997-07-03,33415.93615592642
1997-07-07,33444.132535205936
1997-07-08,33672.25621725465
1997-07-09,33804.63846505433
1997-07-10,33977.81612165488
1997-07-11,34304.072543724404
1997-07-14,34608.85469275992
1997-07-15,34893.51395971146
1997-07-16,35621.42725826123
1997-07-17,35688.31314170772
1997-07-18,35085.08735910143
1997-07-21,34457.57460131689
1997-07-22,35209.510399419385
1997-07-23,35464.348411207946
1997-07-24,35609.202903680314
1997-07-25,35479.34992210066
1997-07-28,35863.4966834081
1997-07-29,35686.43452505765
1997-07-30,36130.07540709763
1997-07-31,36434.29106873379
1997-08-01,36568.925242619545
1997-08-04,36540.35097295874
1997-08-05,36820.60064201995
1997-08-06,36879.74080354098
1997-08-07,36262.615639092546
1997-08-08,35482.9646287532
1997-08-11,35329.085578443905
1997-08-12,35142.299200666646
1997-08-13,35713.33538709092
1997-08-14,35788.00232480053
1997-08-15,35412.211689339805
1997-08-18,35414.91599135453
1997-08-19,35941.60260701785
1997-08-20,36507.77371170024
1997-08-21,36258.11066272869
1997-08-22,35895.66391384173
1997-08-25,36012.830436483244
1997-08-26,36020.19513987661
1997-08-27,36037.77369301266
1997-08-28,35850.52657541488
1997-08-29,35400.21288489103
1997-09-02,36055.05249056321
1997-09-03,36168.924545026304
1997-09-04,35805.77564762565
1997-09-05,36202.07263397908
1997-09-08,36298.21879215772
1997-09-09,36304.2998987538
1997-09-10,35954.53521903735
1997-09-11,35942.187589169385
1997-09-12,36597.364349867516
1997-09-15,36262.731972584785
1997-09-16,37768.86376741356
1997-09-17,37649.427823724414
1997-09-18,37947.44060006836
1997-09-19,38352.848622731886
1997-09-22,38928.160559003074
1997-09-23,38983.07350986057
1997-09-24,38235.05623499993
1997-09-25,38068.10086262357
1997-09-26,38123.718265791744
1997-09-29,38300.36735384018
1997-09-30,38162.67790209254
1997-10-01,37816.73659161244
1997-10-02,38564.86158408525
1997-10-03,38887.25191052011
1997-10-06,39248.095619355336
1997-10-07,40096.234783213884
1997-10-08,40937.03940062467
1997-10-09,40962.75736006771
1997-10-10,40914.16821125193
1997-10-13,40548.80266035961
1997-10-14,40029.000103796105
1997-10-15,40107.321593125525
1997-10-16,38705.101546130776
1997-10-17,37617.7280037639
1997-10-20,37740.0583580477
1997-10-21,38377.84504659037
1997-10-22,37997.85183082717
1997-10-23,36588.641052954656
1997-10-24,35282.34879174479
1997-10-27,32247.163884419075
1997-10-28,34161.209598609654
1997-10-29,34507.759528901406
1997-10-30,33327.71613900421
1997-10-31,33975.44328568913
1997-11-03,34738.0005791439
1997-11-04,35034.53001916152
1997-11-05,35849.97705791837
1997-11-06,35760.994545488626
1997-11-07,35060.00621145887
1997-11-10,34804.027591169346
1997-11-11,34068.70471805437
1997-11-12,32801.08262885893
1997-11-13,32457.23619889787
1997-11-14,33738.39465189466
1997-11-17,34475.62589508096
1997-11-18,33641.707228906795
1997-11-19,32864.00808860317
1997-11-20,33574.65290238197
1997-11-21,33533.22537217976
1997-11-24,32285.11751715901
1997-11-25,32092.173819830085
1997-11-26,32503.12259791905
1997-11-28,32757.427270935932
1997-12-01,32719.4806639308
1997-12-02,32792.9476914065
1997-12-03,33594.11106231633
1997-12-04,33512.17770273741
1997-12-05,33869.635171061986
1997-12-08,34269.18923231797
1997-12-09,34019.339318714985
1997-12-10,33702.56724945705
1997-12-11,32461.520287070984
1997-12-12,32324.91505405712
1997-12-15,31990.156221517747
1997-12-16,32778.8453374324
1997-12-17,32709.48377122687
1997-12-18,31870.82662675391
1997-12-19,31447.436342685785
1997-12-22,31920.504855290805
1997-12-23,31301.28664287018
1997-12-24,31269.06071119289
1997-12-26,31367.952492257577
1997-12-29,32280.706836013658
1997-12-30,33018.48769675522
1997-12-31,33444.36107534224
1998-01-02,32914.91992571008
1998-01-05,32996.91776951654
1998-01-06,32777.461771921764
1998-01-07,32448.93506157144
1998-01-08,32552.14074276774
1998-01-09,31487.800185015225
1998-01-12,31825.1673264064
1998-01-13,32445.170536520105
1998-01-14,32523.553613156895
1998-01-15,32500.932437505697
1998-01-16,32460.291629323325
1998-01-20,33092.82028535709
1998-01-21,32742.951959359696
1998-01-22,32673.032787730208
1998-01-23,32104.01610570324
1998-01-26,31990.847568842255
1998-01-27,32146.335847873514
1998-01-28,32906.32379575619
1998-01-29,33162.63079578225
1998-01-30,32766.58332221144
1998-02-02,33260.38499470988
1998-02-03,33315.17344731929
1998-02-04,33688.74059500238
1998-02-05,33534.05869034426
1998-02-06,33728.19315861095
1998-02-09,34201.815410974385
1998-02-10,34542.466199239156
1998-02-11,34905.917134039984
1998-02-12,35093.747476233475
1998-02-13,35121.29723017908
1998-02-17,35487.55232443798
1998-02-18,35699.20196626718
1998-02-19,35683.4103699417
1998-02-20,35666.32937231611
1998-02-23,35458.88277472148
1998-02-24,35351.9810404633
1998-02-25,35545.41754665672
1998-02-26,35983.99279141354
1998-02-27,35933.83055409502
1998-03-02,35598.31032037824
1998-03-03,35546.190864777316
1998-03-04,35196.7188313778
1998-03-05,35286.14244298093
1998-03-06,36132.76431583842
1998-03-09,36161.49219711478
1998-03-10,36517.57667826397
1998-03-11,36833.19906743042
1998-03-12,37445.85645506497
1998-03-13,37582.15570633147
1998-03-16,37830.064014768635
1998-03-17,38135.97579746181
1998-03-18,37962.42745116884
1998-03-19,37634.696967895135
1998-03-20,38001.18887839298
1998-03-23,37695.878512365256
1998-03-24,37973.901778501044
1998-03-25,38047.346627397725
1998-03-26,38372.07863149254
1998-03-27,38141.93721754352
1998-03-30,38162.2422350497
1998-03-31,38776.10314650831
1998-04-01,38938.53044197929
1998-04-02,39103.96672385045
1998-04-03,39547.46845894134
1998-04-06,39320.624363391806
1998-04-07,38634.22045587388
1998-04-08,38737.66864173406
1998-04-09,39749.02954297663
1998-04-13,39860.45699600076
1998-04-14,40038.57588566751
1998-04-15,40179.66710079108
1998-04-16,40339.44253745089
1998-04-17,40859.1607174917
1998-04-20,41592.74582147789
1998-04-21,42044.52418116451
1998-04-22,41929.87029189001
1998-04-23,40821.36177918577
1998-04-24,40278.64815871088
1998-04-27,38461.529630503705
1998-04-28,38295.42865497675
1998-04-29,38840.919924213784
1998-04-30,39620.52212408667
1998-05-01,40026.3500580633
1998-05-04,40847.817349048426
1998-05-05,40371.543755642946
1998-05-06,39820.686884297735
1998-05-07,39394.735158089214
1998-05-08,39626.3271502434
1998-05-11,39366.50349016417
1998-05-12,39356.597951385804
1998-05-13,40069.72885516416
1998-05-14,39612.19182470138
1998-05-15,39236.420783674155
1998-05-18,39326.72001834053
1998-05-19,40003.6106079135
1998-05-20,39903.49519479369
1998-05-21,39923.28313697339
1998-05-22,39444.05684325629
1998-05-26,39041.49712393299
1998-05-27,38535.76958144254
1998-05-28,39390.235396791235
1998-05-29,39655.522254217605
1998-06-01,39656.894796963454
1998-06-02,39977.423405715985
1998-06-03,39952.25332992758
1998-06-04,40443.74393855635
1998-06-05,40957.316900853235
1998-06-08,41424.67634248497
1998-06-09,41619.566565813664
1998-06-10,41303.94810212538
1998-06-11,40560.11485247181
1998-06-12,40347.835037339195
1998-06-15,39420.89676363998
1998-06-16,39744.93645097959
1998-06-17,40918.00208965133
1998-06-18,40804.36481542302
1998-06-19,40394.08495183707
1998-06-22,41193.46606510641
1998-06-23,41831.751444597234
1998-06-24,42319.11097695525
1998-06-25,42478.34181080356
1998-06-26,42657.57085549193
1998-06-29,42350.621165856246
1998-06-30,42289.239097547805
1998-07-01,43012.13931516319
1998-07-02,43324.710827117466
1998-07-06,43986.20583202429
1998-07-07,43932.87901305806
1998-07-08,44567.506754936316
1998-07-09,44206.567907496676
1998-07-10,43962.84616403679
1998-07-13,44167.122402349894
1998-07-14,45100.00854235193
1998-07-15,44970.76355824034
1998-07-16,45226.095438577315
1998-07-17,45433.891723310226
1998-07-20,44968.56816638811
1998-07-21,43894.2782527465
1998-07-22,44113.08529321334
1998-07-23,42768.169696610865
1998-07-24,42147.09331999207
1998-07-27,42105.26911051123
1998-07-28,41100.386343777835
1998-07-29,41133.1090074836
1998-07-30,42467.24769717279
1998-07-31,41427.95811498032
1998-08-03,41048.11214799968
1998-08-04,39447.60772273335
1998-08-05,39505.708092400346
1998-08-06,40554.76081702221
1998-08-07,40747.72896756044
1998-08-10,40957.501996715015
1998-08-11,40490.98293925549
1998-08-12,41322.99095948849
1998-08-13,41037.68131333943
1998-08-14,40328.161473014916
1998-08-17,40947.03392000283
1998-08-18,41942.190043294
1998-08-19,41819.190740313396
1998-08-20,41794.15827345502
1998-08-21,41208.28861675282
1998-08-24,41786.23245241244
1998-08-25,42395.768641280534
1998-08-26,41966.6195812033
1998-08-27,39688.52866420916
1998-08-28,38533.522526357025
1998-08-31,34312.39140758098
1998-09-01,34291.80397273642
1998-09-02,34291.80397273642
1998-09-03,34291.80397273642
1998-09-04,34291.80397273642
1998-09-08,34291.80397273642
1998-09-09,34291.80397273642
1998-09-10,34291.80397273642
1998-09-11,34291.80397273642
1998-09-14,34291.80397273642
1998-09-15,34291.80397273642
1998-09-16,34291.80397273642
1998-09-17,34291.80397273642
1998-09-18,34291.80397273642
1998-09-21,34291.80397273642
1998-09-22,34291.80397273642
1998-09-23,34291.80397273642
1998-09-24,34291.80397273642
1998-09-25,34291.80397273642
1998-09-28,34291.80397273642
1998-09-29,34291.80397273642
1998-09-30,34291.80397273642
1998-10-01,34291.80397273642
1998-10-02,34291.80397273642
1998-10-05,34291.80397273642
1998-10-06,34291.80397273642
1998-10-07,34291.80397273642
1998-10-08,34291.80397273642
1998-10-09,34291.80397273642
1998-10-12,34291.80397273642
1998-10-13,34291.80397273642
1998-10-14,34291.80397273642
1998-10-15,34291.80397273642
1998-10-16,34291.80397273642
1998-10-19,34291.80397273642
1998-10-20,34291.80397273642
1998-10-21,34291.80397273642
1998-10-22,34291.80397273642
1998-10-23,34291.80397273642
1998-10-26,34291.80397273642
1998-10-27,34291.80397273642
1998-10-28,34291.80397273642
1998-10-29,34291.80397273642
1998-10-30,34291.80397273642
1998-11-02,34984.33994421553
1998-11-03,34735.652861953
1998-11-04,34980.14576624487
1998-11-05,35066.869355243936
1998-11-06,35292.757970609324
1998-11-09,35580.49106492796
1998-11-10,35800.7848986797
1998-11-11,35450.57222742206
1998-11-12,35633.50414574234
1998-11-13,35627.73670269174
1998-11-16,36021.105091598
1998-11-17,36089.15268709319
1998-11-18,36838.30882023463
1998-11-19,36815.11316272707
1998-11-20,36831.90386620585
1998-11-23,37598.408989637755
1998-11-24,36940.228562389675
1998-11-25,37225.889954307066
1998-11-27,37471.98209953524
1998-11-30,36687.19248396913
1998-12-01,37499.261212411155
1998-12-02,37502.938034779465
1998-12-03,36788.668961179545
1998-12-04,37866.24323801488
1998-12-07,38071.277313150335
1998-12-08,38112.134481357265
1998-12-09,37756.60461937292
1998-12-10,37067.824865597904
1998-12-11,37468.948166494796
1998-12-14,36977.51772988096
1998-12-15,38011.430642597385
1998-12-16,37889.38677936559
1998-12-17,39217.46014046685
1998-12-18,40078.73282123156
1998-12-21,41959.90143484936
1998-12-22,42668.9112059947
1998-12-23,43248.016843773265
1998-12-24,43425.17765144551
1998-12-28,43967.18971851894
1998-12-29,43646.746597481906
1998-12-30,43418.11005586519
1998-12-31,43716.611401352464
1999-01-04,43570.08329185602
1999-01-05,44428.48855958882
1999-01-06,46472.98800698162
1999-01-07,46764.2985289058
1999-01-08,47111.44588376955
1999-01-11,49321.605868274215
1999-01-12,48140.957900858666
1999-01-13,47569.83340641111
1999-01-14,46096.377085157335
1999-01-15,47829.91929653989
1999-01-19,49561.919592758415
1999-01-20,49314.211098892665
1999-01-21,47469.606277882
1999-01-22,46806.05527458091
1999-01-25,47201.575431376645
1999-01-26,49333.25783100505
1999-01-27,49195.56223486699
1999-01-28,51123.297871341914
1999-01-29,52060.54148438902
1999-02-01,52453.455275403896
1999-02-02,51521.2812332725
1999-02-03,52200.63457649759
1999-02-04,50195.441469018304
1999-02-05,48389.90826029034
1999-02-08,49554.67987980102
1999-02-09,46933.16962176832
1999-02-10,46562.793560857346
1999-02-11,50649.64706693001
1999-02-12,48393.8666490952
1999-02-16,48551.85123473138
1999-02-17,46587.25726343534
1999-02-18,46738.123606545836
1999-02-19,47714.66922005449
1999-02-22,50016.29238675367
1999-02-23,50941.92225024339
1999-02-24,50073.09051373
1999-02-25,49739.99343373164
1999-02-26,48992.094164353555
1999-03-01,48892.431375618595
1999-03-02,48633.109078508845
1999-03-03,48422.017283341534
1999-03-04,49160.39857007095
1999-03-05,50876.07588950074
1999-03-08,51991.96389216901
1999-03-09,51654.01911386522
1999-03-10,52205.67741687893
1999-03-11,52396.17338406418
1999-03-12,50202.918074509194
1999-03-15,51573.61404579737
1999-03-16,52661.426364933825
1999-03-17,53057.56320674093
1999-03-18,54621.11408190571
1999-03-19,53601.63647841847
1999-03-22,54001.18078121043
1999-03-23,51542.37586986885
1999-03-24,51202.485185003075
1999-03-25,52562.344133730796
1999-03-26,52454.60820365914
1999-03-29,54284.944702826775
1999-03-30,53797.49888623543
1999-03-31,54967.55983978734
1999-04-01,56516.28894205202
1999-04-05,58846.61814050676
1999-04-06,60055.84823225228
1999-04-07,58617.84786429973
1999-04-08,59581.74523085891
1999-04-09,60231.22370083187
1999-04-12,61863.53845097807
1999-04-13,62310.049409301166
1999-04-14,59942.18508077013
1999-04-15,58211.48355158375
1999-04-16,56112.8508182216
1999-04-19,49812.52252348165
1999-04-20,53257.82560714055
1999-04-21,58714.56854734195
1999-04-22,59348.02664291266
1999-04-23,58844.54414221632
1999-04-26,60708.49694688062
1999-04-27,59592.61957775817
1999-04-28,56488.7193580853
1999-04-29,55320.343628919734
1999-04-30,55118.27388217706
1999-05-03,55543.269158193376
1999-05-04,54520.62908296036
1999-05-05,55104.77644876777
1999-05-06,54108.04106590691
1999-05-07,54742.631900654946
1999-05-10,56046.02949048352
1999-05-11,57295.936805629106
1999-05-12,57487.41710689092
1999-05-13,57820.631650377356
1999-05-14,55556.7690624216
1999-05-17,55802.0699830661
1999-05-18,56671.352331734335
1999-05-19,56456.86621627247
1999-05-20,56595.603381462955
1999-05-21,56122.444379168686
1999-05-24,53805.09865935221
1999-05-25,52204.05586120577
1999-05-26,54030.022265975196
1999-05-27,54030.52207081163
1999-05-28,54906.34469168313
1999-06-01,54419.80852600272
1999-06-02,54025.88365508588
1999-06-03,54352.29349101004
1999-06-04,56413.16178837567
1999-06-07,56828.8513264081
1999-06-08,55796.845534028245
1999-06-09,55691.96743151714
1999-06-10,54954.274431339974
1999-06-11,54343.52355164864
1999-06-14,52455.35319031152
1999-06-15,52150.00994840204
1999-06-16,55646.07539775238
1999-06-17,56305.94804993527
1999-06-18,57840.24957871131
1999-06-21,59728.26721947289
1999-06-22,58344.61989697239
1999-06-23,58333.20434652181
1999-06-24,57360.832797749914
1999-06-25,56579.67581308379
1999-06-28,58078.01526204936
1999-06-29,59170.732998485466
1999-06-30,61128.48231507992
1999-07-01,59675.73032852159
1999-07-02,61205.33562419251
1999-07-06,63111.34741299764
1999-07-07,62980.82422077843
1999-07-08,62593.117465956384
1999-07-09,63137.131126148495
1999-07-12,62870.81032007242
1999-07-13,62406.13488685041
1999-07-14,63472.80442098982
1999-07-15,65573.29952881891
1999-07-16,65484.28880606553
1999-07-19,63211.494837772174
1999-07-20,60761.373812803584
1999-07-21,61214.95021334802
1999-07-22,59423.92417830912
1999-07-23,59719.97132565031
1999-07-26,58322.989592499485
1999-07-27,60291.46398666208
1999-07-28,60382.34912681073
1999-07-29,59288.51956702522
1999-07-30,58885.65779991693
1999-08-02,58132.01023985893
1999-08-03,56878.35761655076
1999-08-04,55825.346135869404
1999-08-05,57047.074743913014
1999-08-06,57173.48127186403
1999-08-09,56813.02382227913
1999-08-10,56741.71970683402
1999-08-11,58039.91115991741
1999-08-12,58854.36672389363
1999-08-13,60727.20488933913
1999-08-16,60756.625375614094
1999-08-17,61349.13561688353
1999-08-18,60875.88088152918
1999-08-19,60813.99629419427
1999-08-20,61619.333599122925
1999-08-23,62706.06404669042
1999-08-24,62125.633467602376
1999-08-25,62976.71685435871
1999-08-26,62014.979169660925
1999-08-27,61540.26710161545
1999-08-30,61267.06676593661
1999-08-31,62551.34046895219
1999-09-01,62049.96666276118
1999-09-02,60842.105396374674
1999-09-03,62474.812310259586
1999-09-07,63440.28910870567
1999-09-08,63361.52948616892
1999-09-09,63265.37706816279
1999-09-10,62505.95848882378
1999-09-13,61859.075523586536
1999-09-14,62691.97772620553
1999-09-15,60608.79004705211
1999-09-16,60994.89011197674
1999-09-17,62844.56537483525
1999-09-20,62189.07663313887
1999-09-21,60787.44863048325
1999-09-22,61640.01198240483
1999-09-23,59843.34645865984
1999-09-24,59406.679792772426
1999-09-27,60950.866875250256
1999-09-28,59821.270674948864
1999-09-29,60079.84127786558
1999-09-30,60711.31660121521
1999-10-01,60674.88981125448
1999-10-04,60674.88981125448
1999-10-05,60674.88981125448
1999-10-06,60674.88981125448
1999-10-07,60674.88981125448
1999-10-08,60674.88981125448
1999-10-11,60674.88981125448
1999-10-12,60674.88981125448
1999-10-13,60674.88981125448
1999-10-14,60674.88981125448
1999-10-15,60674.88981125448
1999-10-18,60674.88981125448
1999-10-19,60674.88981125448
1999-10-20,60674.88981125448
1999-10-21,60674.88981125448
1999-10-22,60674.88981125448
1999-10-25,60674.88981125448
1999-10-26,60674.88981125448
1999-10-27,60674.88981125448
1999-10-28,60674.88981125448
1999-10-29,60674.88981125448
1999-11-01,61633.78262722702
1999-11-02,63118.51617900637
1999-11-03,66417.62165360848
1999-11-04,67329.11885790946
1999-11-05,68877.74377560968
1999-11-08,69891.35943043156
1999-11-09,69315.55890529847
1999-11-10,69947.74226063739
1999-11-11,71538.53792237154
1999-11-12,72583.2605923482
1999-11-15,71275.46096543311
1999-11-16,73303.15373200215
1999-11-17,73709.34164881038
1999-11-18,75759.2991633927
1999-11-19,75684.26797374728
1999-11-22,76239.20673817742
1999-11-23,75274.2374909113
1999-11-24,76422.67293627285
1999-11-26,78143.0240379611
1999-11-29,76493.5957720929
1999-11-30,73356.89809972826
1999-12-01,74406.43784756142
1999-12-02,77526.16616189286
1999-12-03,79077.56866835778
1999-12-06,80733.44789181664
1999-12-07,80018.53932871028
1999-12-08,81443.44796340616
1999-12-09,80627.4390950453
1999-12-10,80526.60483200924
1999-12-13,80356.08240041012
1999-12-14,77560.31910376703
1999-12-15,78982.70574950716
1999-12-16,82678.68003892925
1999-12-17,83894.95516721229
1999-12-20,86333.71684129667
1999-12-21,91821.39302423601
1999-12-22,94005.62753664209
1999-12-23,94210.46730869544
1999-12-27,94918.1480423996
1999-12-28,95797.6897229531
1999-12-29,98890.69448001379
1999-12-30,97767.11196878886
1999-12-31,99300.02352285208
2000-01-03,98051.18237197373
2000-01-04,90847.18681409354
2000-01-05,89882.23672869225
2000-01-06,86469.09919017514
2000-01-07,94348.39236013898
2000-01-10,100812.33280286021
2000-01-11,94262.48967426246
2000-01-12,93542.8275187931
2000-01-13,97503.69721420821
2000-01-14,100478.6175758093
2000-01-18,104030.81223030208
2000-01-19,106837.0762669227
2000-01-20,111713.61036710454
2000-01-21,114029.38705216678
2000-01-24,108946.02789753008
2000-01-25,111427.2994398023
2000-01-26,108084.68434640054
2000-01-27,106054.07639789849
2000-01-28,99796.08360185345
2000-01-31,101997.62878373855
2000-02-01,106713.65014070162
2000-02-02,107027.90282041737
2000-02-03,110634.95730503245
2000-02-04,113491.28732076702
2000-02-07,116996.99064914152
2000-02-08,120788.43971088945
2000-02-09,119333.09995718207
2000-02-10,125691.24101786374
2000-02-11,122951.37249255463
2000-02-14,124044.27558495844
2000-02-15,125555.1091700686
2000-02-16,131228.39816771774
2000-02-17,137282.81699882113
2000-02-18,135139.12436637533
2000-02-22,136166.0550792645
2000-02-23,141268.552151271
2000-02-24,146080.2014913305
2000-02-25,145253.1339967363
2000-02-28,145219.31872349602
2000-02-29,151340.46468796922
2000-03-01,154720.06965394347
2000-03-02,149110.76295896072
2000-03-03,156563.72520478506
2000-03-06,160925.73048037358
2000-03-07,153172.88287058173
2000-03-08,151897.9598693452
2000-03-09,158800.56203219292
2000-03-10,158812.96116044075
2000-03-13,151668.6866448792
2000-03-14,141267.55433103655
2000-03-15,134633.35335323965
2000-03-16,142478.5080620278
2000-03-17,148701.9920308369
2000-03-20,144639.89813388346
2000-03-21,148276.90764424703
2000-03-22,158365.13066688366
2000-03-23,159667.65940170246
2000-03-24,160990.92897107394
2000-03-27,160034.75156551547
2000-03-28,154870.6321698357
2000-03-29,148099.09917273623
2000-03-30,138082.71993847957
2000-03-31,141534.5449468052
2000-04-03,131391.50430687898
2000-04-04,131449.7212724775
2000-04-05,136894.3512435679
2000-04-06,145142.9517726305
2000-04-07,155750.34760361782
2000-04-10,143160.12888918954
2000-04-11,136107.36965173253
2000-04-12,126999.86439864746
2000-04-13,122775.05173156367
2000-04-14,110100.3847639262
2000-04-17,121183.17351991705
2000-04-18,130730.97984123824
2000-04-19,127098.59032614055
2000-04-20,122587.64678700929
2000-04-24,116869.68492709499
2000-04-25,129283.40891100204
2000-04-26,125498.53079461576
2000-04-27,135171.182534564
2000-04-28,141845.7175463087
2000-05-01,142892.5993200504
2000-05-02,138241.07790089736
2000-05-03,134464.51106867593
2000-05-04,135927.99056337593
2000-05-05,140565.299171805
2000-05-08,132401.75964511652
2000-05-09,127990.56277681037
2000-05-10,120891.61178249866
2000-05-11,124723.76880405137
2000-05-12,126849.31799102188
2000-05-15,130574.95014874768
2000-05-16,138093.18684390164
2000-05-17,136119.3646803158
2000-05-18,132922.05361697415
2000-05-19,124663.1286404133
2000-05-22,121673.68136612438
2000-05-23,111792.23679984562
2000-05-24,113258.88904208168
2000-05-25,113642.67405510778
2000-05-26,111745.80757664065
2000-05-30,127389.5333842353
2000-05-31,124967.36154382152
2000-06-01,130670.05001937343
2000-06-02,136786.56069269567
2000-06-05,135685.16849643085
2000-06-06,134452.7301093499
2000-06-07,135989.21515204938
2000-06-08,138932.1476340894
2000-06-09,139449.06012531964
2000-06-12,137944.52384615724
2000-06-13,141951.3886503963
2000-06-14,138477.69511805102
2000-06-15,141248.16959297747
2000-06-16,140220.3574335788
2000-06-19,148177.3137496236
2000-06-20,149357.474367126
2000-06-21,149616.4786522446
2000-06-22,145811.21727713663
2000-06-23,142679.24093075262
2000-06-26,145809.00007837676
2000-06-27,143649.36125474508
2000-06-28,143797.50970464098
2000-06-29,140350.86174537067
2000-06-30,142183.90012433642
2000-07-03,145010.71930977787
2000-07-05,142015.80718953832
2000-07-06,143884.0890639332
2000-07-07,146576.47029367663
2000-07-10,145651.71786323597
2000-07-11,146831.84088074276
2000-07-12,152202.7164962937
2000-07-13,152658.90983727336
2000-07-14,155543.07975511785
2000-07-17,159336.57149235354
2000-07-18,158450.01852392172
2000-07-19,155970.40819519953
2000-07-20,159825.42035207016
2000-07-21,155230.7663122862
2000-07-24,154100.28961214682
2000-07-25,154442.89832481532
2000-07-26,154651.7632617921
2000-07-27,150271.7350661968
2000-07-28,147812.76408609407
2000-07-31,149811.18367935967
2000-08-01,150090.3613722774
2000-08-02,147228.92010134947
2000-08-03,148688.1832207261
2000-08-04,151143.57032180246
2000-08-07,156452.23808340076
2000-08-08,155269.02352587137
2000-08-09,153995.13334234123
2000-08-10,149730.5113247638
2000-08-11,150978.13551037834
2000-08-14,155920.87425271355
2000-08-15,155487.5664429457
2000-08-16,155776.44095698648
2000-08-17,161185.37903407938
2000-08-18,161326.00389865928
2000-08-21,163390.37136787546
2000-08-22,164263.42885221058
2000-08-23,169330.8712134331
2000-08-24,169835.18823787486
2000-08-25,169034.9528634972
2000-08-28,171932.24254110313
2000-08-29,172310.50962797276
2000-08-30,173305.6889543122
2000-08-31,177154.89193963906
2000-09-01,180989.10596140262
2000-09-05,177577.08095784282
2000-09-06,172668.60220018518
2000-09-07,174823.42092516902
2000-09-08,171798.3269558981
2000-09-11,170201.60700339047
2000-09-12,169885.52795776137
2000-09-13,170977.6751653091
2000-09-14,174844.1372144127
2000-09-15,176317.54181921956
2000-09-18,170141.55735747097
2000-09-19,173188.92762473947
2000-09-20,173791.65814458547
2000-09-21,169012.5896955746
2000-09-22,176315.22569382383
2000-09-25,177176.51406675216
2000-09-26,177662.00928768096
2000-09-27,181074.33596817046
2000-09-28,183659.76608006257
2000-09-29,181067.77676542065
2000-10-02,180959.1360993614
2000-10-03,180959.1360993614
2000-10-04,180959.1360993614
2000-10-05,180959.1360993614
2000-10-06,180959.1360993614
2000-10-09,180959.1360993614
2000-10-10,180959.1360993614
2000-10-11,180959.1360993614
2000-10-12,180959.1360993614
2000-10-13,180959.1360993614
2000-10-16,180959.1360993614
2000-10-17,180959.1360993614
2000-10-18,180959.1360993614
2000-10-19,180959.1360993614
2000-10-20,180959.1360993614
2000-10-23,180959.1360993614
2000-10-24,180959.1360993614
2000-10-25,180959.1360993614
2000-10-26,180959.1360993614
2000-10-27,180959.1360993614
2000-10-30,180959.1360993614
2000-10-31,180959.1360993614
2000-11-01,180959.1360993614
2000-11-02,180959.1360993614
2000-11-03,180959.1360993614
2000-11-06,180959.1360993614
2000-11-07,180959.1360993614
2000-11-08,180959.1360993614
2000-11-09,180959.1360993614
2000-11-10,180959.1360993614
2000-11-13,180959.1360993614
2000-11-14,180959.1360993614
2000-11-15,180959.1360993614
2000-11-16,180959.1360993614
2000-11-17,180959.1360993614
2000-11-20,180959.1360993614
2000-11-21,180959.1360993614
2000-11-22,180959.1360993614
2000-11-24,180959.1360993614
2000-11-27,180959.1360993614
2000-11-28,180959.1360993614
2000-11-29,180959.1360993614
2000-11-30,180959.1360993614
2000-12-01,180959.1360993614
2000-12-04,180959.1360993614
2000-12-05,180959.1360993614
2000-12-06,180959.1360993614
2000-12-07,180959.1360993614
2000-12-08,180959.1360993614
2000-12-11,180959.1360993614
2000-12-12,180959.1360993614
2000-12-13,180959.1360993614
2000-12-14,180959.1360993614
2000-12-15,180959.1360993614
2000-12-18,180959.1360993614
2000-12-19,180959.1360993614
2000-12-20,180959.1360993614
2000-12-21,180959.1360993614
2000-12-22,180959.1360993614
2000-12-26,180959.1360993614
2000-12-27,180959.1360993614
2000-12-28,180959.1360993614
2000-12-29,180959.1360993614
2001-01-02,180959.1360993614
2001-01-03,180959.1360993614
2001-01-04,180959.1360993614
2001-01-05,180959.1360993614
2001-01-08,180959.1360993614
2001-01-09,180959.1360993614
2001-01-10,180959.1360993614
2001-01-11,180959.1360993614
2001-01-12,180959.1360993614
2001-01-16,180959.1360993614
2001-01-17,180959.1360993614
2001-01-18,180959.1360993614
2001-01-19,180959.1360993614
2001-01-22,180959.1360993614
2001-01-23,180959.1360993614
2001-01-24,180959.1360993614
2001-01-25,180959.1360993614
2001-01-26,180959.1360993614
2001-01-29,180959.1360993614
2001-01-30,180959.1360993614
2001-01-31,180959.1360993614
2001-02-01,180959.1360993614
2001-02-02,180959.1360993614
2001-02-05,180959.1360993614
2001-02-06,180959.1360993614
2001-02-07,180959.1360993614
2001-02-08,180959.1360993614
2001-02-09,180959.1360993614
2001-02-12,180959.1360993614
2001-02-13,180959.1360993614
2001-02-14,180959.1360993614
2001-02-15,180959.1360993614
2001-02-16,180959.1360993614
2001-02-20,180959.1360993614
2001-02-21,180959.1360993614
2001-02-22,180959.1360993614
2001-02-23,180959.1360993614
2001-02-26,180959.1360993614
2001-02-27,180959.1360993614
2001-02-28,180959.1360993614
2001-03-01,180959.1360993614
2001-03-02,180959.1360993614
2001-03-05,180959.1360993614
2001-03-06,180959.1360993614
2001-03-07,180959.1360993614
2001-03-08,180959.1360993614
2001-03-09,180959.1360993614
2001-03-12,180959.1360993614
2001-03-13,180959.1360993614
2001-03-14,180959.1360993614
2001-03-15,180959.1360993614
2001-03-16,180959.1360993614
2001-03-19,180959.1360993614
2001-03-20,180959.1360993614
2001-03-21,180959.1360993614
2001-03-22,180959.1360993614
2001-03-23,180959.1360993614
2001-03-26,180959.1360993614
2001-03-27,180959.1360993614
2001-03-28,180959.1360993614
2001-03-29,180959.1360993614
2001-03-30,180959.1360993614
2001-04-02,180959.1360993614
2001-04-03,180959.1360993614
2001-04-04,180959.1360993614
2001-04-05,180959.1360993614
2001-04-06,180959.1360993614
2001-04-09,180959.1360993614
2001-04-10,180959.1360993614
2001-04-11,180959.1360993614
2001-04-12,180959.1360993614
2001-04-16,180959.1360993614
2001-04-17,180959.1360993614
2001-04-18,180959.1360993614
2001-04-19,180959.1360993614
2001-04-20,180959.1360993614
2001-04-23,180959.1360993614
2001-04-24,180959.1360993614
2001-04-25,180959.1360993614
2001-04-26,180959.1360993614
2001-04-27,180959.1360993614
2001-04-30,180959.1360993614
2001-05-01,180959.1360993614
2001-05-02,180959.1360993614
2001-05-03,180959.1360993614
2001-05-04,180959.1360993614
2001-05-07,180959.1360993614
2001-05-08,180959.1360993614
2001-05-09,180959.1360993614
2001-05-10,180959.1360993614
2001-05-11,180959.1360993614
2001-05-14,180959.1360993614
2001-05-15,180959.1360993614
2001-05-16,180959.1360993614
2001-05-17,180959.1360993614
2001-05-18,180959.1360993614
2001-05-21,180959.1360993614
2001-05-22,180959.1360993614
2001-05-23,180959.1360993614
2001-05-24,180959.1360993614
2001-05-25,180959.1360993614
2001-05-29,180959.1360993614
2001-05-30,180959.1360993614
2001-05-31,180959.1360993614
2001-06-01,180959.1360993614
2001-06-04,180959.1360993614
2001-06-05,180959.1360993614
2001-06-06,180959.1360993614
2001-06-07,180959.1360993614
2001-06-08,180959.1360993614
2001-06-11,180959.1360993614
2001-06-12,180959.1360993614
2001-06-13,180959.1360993614
2001-06-14,180959.1360993614
2001-06-15,180959.1360993614
2001-06-18,180959.1360993614
2001-06-19,180959.1360993614
2001-06-20,180959.1360993614
2001-06-21,180959.1360993614
2001-06-22,180959.1360993614
2001-06-25,180959.1360993614
2001-06-26,180959.1360993614
2001-06-27,180959.1360993614
2001-06-28,180959.1360993614
2001-06-29,180959.1360993614
2001-07-02,180959.1360993614
2001-07-03,180959.1360993614
2001-07-05,180959.1360993614
2001-07-06,180959.1360993614
2001-07-09,180959.1360993614
2001-07-10,180959.1360993614
2001-07-11,180959.1360993614
2001-07-12,180959.1360993614
2001-07-13,180959.1360993614
2001-07-16,180959.1360993614
2001-07-17,180959.1360993614
2001-07-18,180959.1360993614
2001-07-19,180959.1360993614
2001-07-20,180959.1360993614
2001-07-23,180959.1360993614
2001-07-24,180959.1360993614
2001-07-25,180959.1360993614
2001-07-26,180959.1360993614
2001-07-27,180959.1360993614
2001-07-30,180959.1360993614
2001-07-31,180959.1360993614
2001-08-01,180959.1360993614
2001-08-02,180959.1360993614
2001-08-03,180959.1360993614
2001-08-06,180959.1360993614
2001-08-07,180959.1360993614
2001-08-08,180959.1360993614
2001-08-09,180959.1360993614
2001-08-10,180959.1360993614
2001-08-13,180959.1360993614
2001-08-14,180959.1360993614
2001-08-15,180959.1360993614
2001-08-16,180959.1360993614
2001-08-17,180959.1360993614
2001-08-20,180959.1360993614
2001-08-21,180959.1360993614
2001-08-22,180959.1360993614
2001-08-23,180959.1360993614
2001-08-24,180959.1360993614
2001-08-27,180959.1360993614
2001-08-28,180959.1360993614
2001-08-29,180959.1360993614
2001-08-30,180959.1360993614
2001-08-31,180959.1360993614
2001-09-04,180959.1360993614
2001-09-05,180959.1360993614
2001-09-06,180959.1360993614
2001-09-07,180959.1360993614
2001-09-10,180959.1360993614
2001-09-17,180959.1360993614
2001-09-18,180959.1360993614
2001-09-19,180959.1360993614
2001-09-20,180959.1360993614
2001-09-21,180959.1360993614
2001-09-24,180959.1360993614
2001-09-25,180959.1360993614
2001-09-26,180959.1360993614
2001-09-27,180959.1360993614
2001-09-28,180959.1360993614
2001-10-01,180959.1360993614
2001-10-02,180959.1360993614
2001-10-03,180959.1360993614
2001-10-04,180959.1360993614
2001-10-05,180959.1360993614
2001-10-08,180959.1360993614
2001-10-09,180959.1360993614
2001-10-10,180959.1360993614
2001-10-11,180959.1360993614
2001-10-12,180959.1360993614
2001-10-15,180959.1360993614
2001-10-16,180959.1360993614
2001-10-17,180959.1360993614
2001-10-18,180959.1360993614
2001-10-19,180959.1360993614
2001-10-22,180959.1360993614
2001-10-23,180959.1360993614
2001-10-24,180959.1360993614
2001-10-25,180959.1360993614
2001-10-26,180959.1360993614
2001-10-29,180959.1360993614
2001-10-30,180959.1360993614
2001-10-31,180959.1360993614
2001-11-01,180959.1360993614
2001-11-02,180959.1360993614
2001-11-05,180959.1360993614
2001-11-06,180959.1360993614
2001-11-07,180959.1360993614
2001-11-08,180959.1360993614
2001-11-09,180959.1360993614
2001-11-12,180959.1360993614
2001-11-13,180959.1360993614
2001-11-14,180959.1360993614
2001-11-15,180959.1360993614
2001-11-16,180959.1360993614
2001-11-19,180959.1360993614
2001-11-20,180959.1360993614
2001-11-21,180959.1360993614
2001-11-23,180959.1360993614
2001-11-26,180959.1360993614
2001-11-27,180959.1360993614
2001-11-28,180959.1360993614
2001-11-29,180959.1360993614
2001-11-30,180959.1360993614
2001-12-03,180959.1360993614
2001-12-04,180959.1360993614
2001-12-05,180959.1360993614
2001-12-06,180959.1360993614
2001-12-07,180959.1360993614
2001-12-10,180959.1360993614
2001-12-11,180959.1360993614
2001-12-12,180959.1360993614
2001-12-13,180959.1360993614
2001-12-14,180959.1360993614
2001-12-17,180959.1360993614
2001-12-18,180959.1360993614
2001-12-19,180959.1360993614
2001-12-20,180959.1360993614
2001-12-21,180959.1360993614
2001-12-24,180959.1360993614
2001-12-26,180959.1360993614
2001-12-27,180959.1360993614
2001-12-28,180959.1360993614
2001-12-31,180959.1360993614
2002-01-02,180959.1360993614
2002-01-03,180959.1360993614
2002-01-04,180959.1360993614
2002-01-07,180959.1360993614
2002-01-08,180959.1360993614
2002-01-09,180959.1360993614
2002-01-10,180959.1360993614
2002-01-11,180959.1360993614
2002-01-14,180959.1360993614
2002-01-15,180959.1360993614
2002-01-16,180959.1360993614
2002-01-17,180959.1360993614
2002-01-18,180959.1360993614
2002-01-22,180959.1360993614
2002-01-23,180959.1360993614
2002-01-24,180959.1360993614
2002-01-25,180959.1360993614
2002-01-28,180959.1360993614
2002-01-29,180959.1360993614
2002-01-30,180959.1360993614
2002-01-31,180959.1360993614
2002-02-01,180959.1360993614
2002-02-04,180959.1360993614
2002-02-05,180959.1360993614
2002-02-06,180959.1360993614
2002-02-07,180959.1360993614
2002-02-08,180959.1360993614
2002-02-11,180959.1360993614
2002-02-12,180959.1360993614
2002-02-13,180959.1360993614
2002-02-14,180959.1360993614
2002-02-15,180959.1360993614
2002-02-19,180959.1360993614
2002-02-20,180959.1360993614
2002-02-21,180959.1360993614
2002-02-22,180959.1360993614
2002-02-25,180959.1360993614
2002-02-26,180959.1360993614
2002-02-27,180959.1360993614
2002-02-28,180959.1360993614
2002-03-01,180959.1360993614
2002-03-04,180959.1360993614
2002-03-05,180959.1360993614
2002-03-06,180959.1360993614
2002-03-07,180959.1360993614
2002-03-08,180959.1360993614
2002-03-11,180959.1360993614
2002-03-12,180959.1360993614
2002-03-13,180959.1360993614
2002-03-14,180959.1360993614
2002-03-15,180959.1360993614
2002-03-18,180959.1360993614
2002-03-19,180959.1360993614
2002-03-20,180959.1360993614
2002-03-21,180959.1360993614
2002-03-22,180959.1360993614
2002-03-25,180959.1360993614
2002-03-26,180959.1360993614
2002-03-27,180959.1360993614
2002-03-28,180959.1360993614
2002-04-01,177866.820949383
2002-04-02,173935.49306743723
2002-04-03,173814.03446720747
2002-04-04,175294.39972187416
2002-04-05,177408.34462173757
2002-04-08,179876.10758034303
2002-04-09,181800.07398617212
2002-04-10,185872.5672578748
2002-04-11,183437.00380104483
2002-04-12,186176.71721758065
2002-04-15,185645.92060504554
2002-04-16,188256.39100449425
2002-04-17,187752.6379873
2002-04-18,187569.6397948935
2002-04-19,187927.87102884703
2002-04-22,186964.22038874822
2002-04-23,188532.97600592536
2002-04-24,187131.68538235885
2002-04-25,188571.7194530193
2002-04-26,186046.1135775662
2002-04-29,184939.90970685016
2002-04-30,187238.07974144223
2002-05-01,187125.73689359735
2002-05-02,187125.73689359735
2002-05-03,187125.73689359735
2002-05-06,187125.73689359735
2002-05-07,187125.73689359735
2002-05-08,187125.73689359735
2002-05-09,187125.73689359735
2002-05-10,187125.73689359735
2002-05-13,187125.73689359735
2002-05-14,187125.73689359735
2002-05-15,187125.73689359735
2002-05-16,187125.73689359735
2002-05-17,187125.73689359735
2002-05-20,187125.73689359735
2002-05-21,187125.73689359735
2002-05-22,187125.73689359735
2002-05-23,187125.73689359735
2002-05-24,187125.73689359735
2002-05-28,187125.73689359735
2002-05-29,187125.73689359735
2002-05-30,187125.73689359735
2002-05-31,187125.73689359735
2002-06-03,187125.73689359735
2002-06-04,187125.73689359735
2002-06-05,187125.73689359735
2002-06-06,187125.73689359735
2002-06-07,187125.73689359735
2002-06-10,187125.73689359735
2002-06-11,187125.73689359735
2002-06-12,187125.73689359735
2002-06-13,187125.73689359735
2002-06-14,187125.73689359735
2002-06-17,187125.73689359735
2002-06-18,187125.73689359735
2002-06-19,187125.73689359735
2002-06-20,187125.73689359735
2002-06-21,187125.73689359735
2002-06-24,187125.73689359735
2002-06-25,187125.73689359735
2002-06-26,187125.73689359735
2002-06-27,187125.73689359735
2002-06-28,187125.73689359735
2002-07-01,187125.73689359735
2002-07-02,187125.73689359735
2002-07-03,187125.73689359735
2002-07-05,187125.73689359735
2002-07-08,187125.73689359735
2002-07-09,187125.73689359735
2002-07-10,187125.73689359735
2002-07-11,187125.73689359735
2002-07-12,187125.73689359735
2002-07-15,187125.73689359735
2002-07-16,187125.73689359735
2002-07-17,187125.73689359735
2002-07-18,187125.73689359735
2002-07-19,187125.73689359735
2002-07-22,187125.73689359735
2002-07-23,187125.73689359735
2002-07-24,187125.73689359735
2002-07-25,187125.73689359735
2002-07-26,187125.73689359735
2002-07-29,187125.73689359735
2002-07-30,187125.73689359735
2002-07-31,187125.73689359735
2002-08-01,187125.73689359735
2002-08-02,187125.73689359735
2002-08-05,187125.73689359735
2002-08-06,187125.73689359735
2002-08-07,187125.73689359735
2002-08-08,187125.73689359735
2002-08-09,187125.73689359735
2002-08-12,187125.73689359735
2002-08-13,187125.73689359735
2002-08-14,187125.73689359735
2002-08-15,187125.73689359735
2002-08-16,187125.73689359735
2002-08-19,187125.73689359735
2002-08-20,187125.73689359735
2002-08-21,187125.73689359735
2002-08-22,187125.73689359735
2002-08-23,187125.73689359735
2002-08-26,187125.73689359735
2002-08-27,187125.73689359735
2002-08-28,187125.73689359735
2002-08-29,187125.73689359735
2002-08-30,187125.73689359735
2002-09-03,187125.73689359735
2002-09-04,187125.73689359735
2002-09-05,187125.73689359735
2002-09-06,187125.73689359735
2002-09-09,187125.73689359735
2002-09-10,187125.73689359735
2002-09-11,187125.73689359735
2002-09-12,187125.73689359735
2002-09-13,187125.73689359735
2002-09-16,187125.73689359735
2002-09-17,187125.73689359735
2002-09-18,187125.73689359735
2002-09-19,187125.73689359735
2002-09-20,187125.73689359735
2002-09-23,187125.73689359735
2002-09-24,187125.73689359735
2002-09-25,187125.73689359735
2002-09-26,187125.73689359735
2002-09-27,187125.73689359735
2002-09-30,187125.73689359735
2002-10-01,187125.73689359735
2002-10-02,187125.73689359735
2002-10-03,187125.73689359735
2002-10-04,187125.73689359735
2002-10-07,187125.73689359735
2002-10-08,187125.73689359735
2002-10-09,187125.73689359735
2002-10-10,187125.73689359735
2002-10-11,187125.73689359735
2002-10-14,187125.73689359735
2002-10-15,187125.73689359735
2002-10-16,187125.73689359735
2002-10-17,187125.73689359735
2002-10-18,187125.73689359735
2002-10-21,187125.73689359735
2002-10-22,187125.73689359735
2002-10-23,187125.73689359735
2002-10-24,187125.73689359735
2002-10-25,187125.73689359735
2002-10-28,187125.73689359735
2002-10-29,187125.73689359735
2002-10-30,187125.73689359735
2002-10-31,187125.73689359735
2002-11-01,187125.73689359735
2002-11-04,187125.73689359735
2002-11-05,187125.73689359735
2002-11-06,187125.73689359735
2002-11-07,187125.73689359735
2002-11-08,187125.73689359735
2002-11-11,187125.73689359735
2002-11-12,187125.73689359735
2002-11-13,187125.73689359735
2002-11-14,187125.73689359735
2002-11-15,187125.73689359735
2002-11-18,187125.73689359735
2002-11-19,187125.73689359735
2002-11-20,187125.73689359735
2002-11-21,187125.73689359735
2002-11-22,187125.73689359735
2002-11-25,187125.73689359735
2002-11-26,187125.73689359735
2002-11-27,187125.73689359735
2002-11-29,187125.73689359735
2002-12-02,187125.73689359735
2002-12-03,187125.73689359735
2002-12-04,187125.73689359735
2002-12-05,187125.73689359735
2002-12-06,187125.73689359735
2002-12-09,187125.73689359735
2002-12-10,187125.73689359735
2002-12-11,187125.73689359735
2002-12-12,187125.73689359735
2002-12-13,187125.73689359735
2002-12-16,187125.73689359735
2002-12-17,187125.73689359735
2002-12-18,187125.73689359735
2002-12-19,187125.73689359735
2002-12-20,187125.73689359735
2002-12-23,187125.73689359735
2002-12-24,187125.73689359735
2002-12-26,187125.73689359735
2002-12-27,187125.73689359735
2002-12-30,187125.73689359735
2002-12-31,187125.73689359735
2003-01-02,187125.73689359735
2003-01-03,187125.73689359735
2003-01-06,187125.73689359735
2003-01-07,187125.73689359735
2003-01-08,187125.73689359735
2003-01-09,187125.73689359735
2003-01-10,187125.73689359735
2003-01-13,187125.73689359735
2003-01-14,187125.73689359735
2003-01-15,187125.73689359735
2003-01-16,187125.73689359735
2003-01-17,187125.73689359735
2003-01-21,187125.73689359735
2003-01-22,187125.73689359735
2003-01-23,187125.73689359735
2003-01-24,187125.73689359735
2003-01-27,187125.73689359735
2003-01-28,187125.73689359735
2003-01-29,187125.73689359735
2003-01-30,187125.73689359735
2003-01-31,187125.73689359735
2003-02-03,187125.73689359735
2003-02-04,187125.73689359735
2003-02-05,187125.73689359735
2003-02-06,187125.73689359735
2003-02-07,187125.73689359735
2003-02-10,187125.73689359735
2003-02-11,187125.73689359735
2003-02-12,187125.73689359735
2003-02-13,187125.73689359735
2003-02-14,187125.73689359735
2003-02-18,187125.73689359735
2003-02-19,187125.73689359735
2003-02-20,187125.73689359735
2003-02-21,187125.73689359735
2003-02-24,187125.73689359735
2003-02-25,187125.73689359735
2003-02-26,187125.73689359735
2003-02-27,187125.73689359735
2003-02-28,187125.73689359735
2003-03-03,187125.73689359735
2003-03-04,187125.73689359735
2003-03-05,187125.73689359735
2003-03-06,187125.73689359735
2003-03-07,187125.73689359735
2003-03-10,187125.73689359735
2003-03-11,187125.73689359735
2003-03-12,187125.73689359735
2003-03-13,187125.73689359735
2003-03-14,187125.73689359735
2003-03-17,187125.73689359735
2003-03-18,187125.73689359735
2003-03-19,187125.73689359735
2003-03-20,187125.73689359735
2003-03-21,187125.73689359735
2003-03-24,187125.73689359735
2003-03-25,187125.73689359735
2003-03-26,187125.73689359735
2003-03-27,187125.73689359735
2003-03-28,187125.73689359735
2003-03-31,187125.73689359735
2003-04-01,187125.73689359735
2003-04-02,187125.73689359735
2003-04-03,187125.73689359735
2003-04-04,187125.73689359735
2003-04-07,187125.73689359735
2003-04-08,187125.73689359735
2003-04-09,187125.73689359735
2003-04-10,187125.73689359735
2003-04-11,187125.73689359735
2003-04-14,187125.73689359735
2003-04-15,187125.73689359735
2003-04-16,187125.73689359735
2003-04-17,187125.73689359735
2003-04-21,187125.73689359735
2003-04-22,187125.73689359735
2003-04-23,187125.73689359735
2003-04-24,187125.73689359735
2003-04-25,187125.73689359735
2003-04-28,187125.73689359735
2003-04-29,187125.73689359735
2003-04-30,187125.73689359735
2003-05-01,184891.63919776434
2003-05-02,189400.60340248322
2003-05-05,189457.40181721633
2003-05-06,190270.94294681188
2003-05-07,189696.84720983836
2003-05-08,187453.12378253895
2003-05-09,188936.4371476811
2003-05-12,192449.58271473472
2003-05-13,194362.94348148615
2003-05-14,194214.68578263707
2003-05-15,195507.26593668276
2003-05-16,194934.86676116125
2003-05-19,190307.58126576632
2003-05-20,187799.4100058865
2003-05-21,189588.68498991086
2003-05-22,193977.37377385134
2003-05-23,193545.23996133186
2003-05-27,198621.496522402
2003-05-28,198204.13208027996
2003-05-29,198053.72476315006
2003-05-30,200976.4635835565
2003-06-02,199366.49724663098
2003-06-03,200320.2605563525
2003-06-04,204039.60127361573
2003-06-05,208558.92742125096
2003-06-06,203763.97615925872
2003-06-09,200530.23850069387
2003-06-10,200667.19436614774
2003-06-11,206991.85116963417
2003-06-12,209777.21969590918
2003-06-13,209404.40119128898
2003-06-16,217759.43697276202
2003-06-17,216503.96034725528
2003-06-18,214423.70246808848
2003-06-19,208541.1468036755
2003-06-20,209242.9780942718
2003-06-23,206650.3862741943
2003-06-24,206358.17594490532
2003-06-25,207178.14136587206
2003-06-26,212409.52689186405
2003-06-27,210913.89826837485
2003-06-30,209850.32663755163
2003-07-01,213536.2089466859
2003-07-02,219057.7329927919
2003-07-03,219776.78070024805
2003-07-07,225175.31615149742
2003-07-08,228420.06676945701
2003-07-09,226596.94115028088
2003-07-10,221756.69367955704
2003-07-11,223854.27465613393
2003-07-14,230097.02234791193
2003-07-15,229104.47860055388
2003-07-16,225098.00243991154
2003-07-17,220355.58161583857
2003-07-18,221295.07992576287
2003-07-21,218664.84040230577
2003-07-22,220881.4632264935
2003-07-23,221683.58490720636
2003-07-24,220464.8822078363
2003-07-25,220838.41467123906
2003-07-28,222072.20282824483
2003-07-29,221936.24319107275
2003-07-30,221376.5478183422
2003-07-31,223144.21434536375
2003-08-01,220506.41127171717
2003-08-04,221040.24263909837
2003-08-05,217980.19006245362
2003-08-06,210660.11499187184
2003-08-07,212520.96036498074
2003-08-08,215543.43575397856
2003-08-11,218831.57747966662
2003-08-12,222508.61010377546
2003-08-13,223979.0394669376
2003-08-14,222456.7882409287
2003-08-15,228622.41537227164
2003-08-18,233873.48846624096
2003-08-19,236671.35155209582
2003-08-20,238231.56334544712
2003-08-21,240988.35269854692
2003-08-22,235968.34871174532
2003-08-25,235305.97497202305
2003-08-26,236594.4890612981
2003-08-27,238185.02147085007
2003-08-28,243049.07106325243
2003-08-29,246418.88353308407
2003-09-02,248810.2966020533
2003-09-03,247547.1013421208
2003-09-04,249164.61924141928
2003-09-05,244904.87151691006
2003-09-08,246631.901020463
2003-09-09,242772.0186152157
2003-09-10,236137.0411265275
2003-09-11,239132.09071096685
2003-09-12,238896.2707506023
2003-09-15,240073.4820687984
2003-09-16,244171.84388895376
2003-09-17,244242.7259881508
2003-09-18,245685.32654886247
2003-09-19,243924.09397329928
2003-09-22,238128.8409518702
2003-09-23,241520.86171333533
2003-09-24,232323.4490656864
2003-09-25,230607.3145275249
2003-09-26,224840.99346673023
2003-09-29,228944.2063092604
2003-09-30,226292.29025788928
2003-10-01,232984.1394624235
2003-10-02,237888.34782563942
2003-10-03,243292.568198444
2003-10-06,249453.71349694053
2003-10-07,252673.2181982229
2003-10-08,253330.7671973028
2003-10-09,253916.72926620825
2003-10-10,256293.80080305994
2003-10-13,261700.99358493075
2003-10-14,262609.89167785837
2003-10-15,259820.3008288251
2003-10-16,261936.83340568215
2003-10-17,258002.8833521824
2003-10-20,259464.8279796135
2003-10-21,262888.9928130851
2003-10-22,256289.56367481418
2003-10-23,257627.61185462438
2003-10-24,254968.03338498794
2003-10-27,261361.7106875921
2003-10-28,267224.9648436787
2003-10-29,267640.91758290905
2003-10-30,268104.8549874356
2003-10-31,267322.2021507001
2003-11-03,273103.60281058843
2003-11-04,276698.41949631
2003-11-05,276072.33715000463
2003-11-06,279059.5517231589
2003-11-07,280427.58547553915
2003-11-10,274612.97908578796
2003-11-11,272331.7024100297
2003-11-12,280014.63602305774
2003-11-13,282394.9731461574
2003-11-14,278210.97528072103
2003-11-17,271037.7891130324
2003-11-18,272093.2229921656
2003-11-19,273403.9788733827
2003-11-20,271807.2000156334
2003-11-21,272454.20796128263
2003-11-24,280769.91126458906
2003-11-25,282613.70531679725
2003-11-26,284334.5821043462
2003-11-28,285589.60351223545
2003-12-01,291401.39701890486
2003-12-02,290192.0920477037
2003-12-03,285041.1761245677
2003-12-04,279083.18606290815
2003-12-05,276937.47001542716
2003-12-08,278902.8117525509
2003-12-09,273601.77371517767
2003-12-10,267714.37628452975
2003-12-11,273555.68649301253
2003-12-12,276681.4440115882
2003-12-15,272120.72365800146
2003-12-16,269463.62347311445
2003-12-17,269214.67075525597
2003-12-18,275142.36047532654
2003-12-19,272852.1224735981
2003-12-22,273490.1128138493
2003-12-23,275415.76676484477
2003-12-24,275577.45130942826
2003-12-26,278303.136122022
2003-12-29,283414.06104936457
2003-12-30,286582.69545682654
2003-12-31,283781.5904744838
2004-01-02,283341.56493919523
2004-01-05,291753.3508179613
2004-01-06,295861.57105566934
2004-01-07,297269.6248170945
2004-01-08,297723.7353181145
2004-01-09,297912.77400854893
2004-01-12,298231.3813363166
2004-01-13,293448.5284099268
2004-01-14,295999.0730394875
2004-01-15,296431.4666794661
2004-01-16,301947.3335823329
2004-01-20,308445.0796317833
2004-01-21,310578.3669429331
2004-01-22,307825.7577112636
2004-01-23,312963.6859971348
2004-01-26,319555.78351618996
2004-01-27,323558.10364171065
2004-01-28,315708.57260768104
2004-01-29,312091.9220747855
2004-01-30,313600.5790281738
2004-02-02,310376.94382667175
2004-02-03,307887.1594142381
2004-02-04,300873.573763965
2004-02-05,308014.4619874932
2004-02-06,319799.9370730326
2004-02-09,324446.74764772883
2004-02-10,325829.70391077735
2004-02-11,331500.3470829981
2004-02-12,330715.47605118295
2004-02-13,325199.386131828
2004-02-17,333730.2619801079
2004-02-18,334715.52216287114
2004-02-19,328333.49761475285
2004-02-20,323900.60281764617
2004-02-23,318988.7135385508
2004-02-24,317304.4600403502
2004-02-25,324713.40506388334
2004-02-26,330087.0347919197
2004-02-27,336480.97965911013
2004-03-01,339724.50186323014
2004-03-02,335855.71342619334
2004-03-03,335201.98451890267
2004-03-04,340422.8904834431
2004-03-05,341023.5260749654
2004-03-08,334658.1458119843
2004-03-09,330061.778573485
2004-03-10,321933.55149801855
2004-03-11,314958.2634896142
2004-03-12,323816.0295960107
2004-03-15,313207.93171385746
2004-03-16,315703.228742876
2004-03-17,327166.8990995772
2004-03-18,323807.49794419605
2004-03-19,323236.01646266226
2004-03-22,313526.81792254787
2004-03-23,311468.4577863487
2004-03-24,314466.6841665571
2004-03-25,321505.0914441314
2004-03-26,319888.70036981156
2004-03-29,326213.8572302953
2004-03-30,329645.54660116753
2004-03-31,330057.8583156476
2004-04-01,327183.13295710774
2004-04-02,328304.94530752266
2004-04-05,329735.61652136245
2004-04-06,330421.28485625517
2004-04-07,330609.31654725265
2004-04-08,328579.64528751204
2004-04-12,331181.25113425875
2004-04-13,328196.4389176943
2004-04-14,326486.3534093169
2004-04-15,324750.6641749901
2004-04-16,330392.0808132763
2004-04-19,329738.6903024666
2004-04-20,321441.91949800256
2004-04-21,324560.2669656742
2004-04-22,336320.61682704353
2004-04-23,332905.24153482425
2004-04-26,335694.4825874386
2004-04-27,336478.54946247896
2004-04-28,329009.5580025158
2004-04-29,323333.50384233426
2004-04-30,320016.65758422157
2004-05-03,322721.9344354451
2004-05-04,325600.8913041674
2004-05-05,328792.95801050786
2004-05-06,324648.96493215166
2004-05-07,319441.68830659374
2004-05-10,311437.667665289
2004-05-11,318168.6189697158
2004-05-12,320995.7439634519
2004-05-13,320792.51314127055
2004-05-14,322897.2726627034
2004-05-17,318656.999243641
2004-05-18,320153.7154684391
2004-05-19,319632.92718054476
2004-05-20,320083.7695750164
2004-05-21,323826.5497026453
2004-05-24,328558.3676484051
2004-05-25,332319.19057230494
2004-05-26,332236.29260039405
2004-05-27,332745.5345769292
2004-05-28,334950.2336283978
2004-06-01,338529.0727460205
2004-06-02,339558.6282013421
2004-06-03,333846.21435895126
2004-06-04,336108.0349908967
2004-06-07,344592.7132811924
2004-06-08,342503.94962852175
2004-06-09,337318.1880931662
2004-06-10,337033.910805602
2004-06-14,331943.90741568716
2004-06-15,334258.46481533954
2004-06-16,335184.72077010083
2004-06-17,333368.44734407245
2004-06-18,332462.93155886984
2004-06-21,331931.42793357244
2004-06-22,333406.98222669767
2004-06-23,340699.913569789
2004-06-24,341627.9798189274
2004-06-25,348992.0235403285
2004-06-28,351824.9350684936
2004-06-29,352291.9687957575
2004-06-30,355249.7887296689
2004-07-01,355730.7444267167
2004-07-02,353382.9252337516
2004-07-06,349727.3030798448
2004-07-07,351900.9494677432
2004-07-08,344183.1032600092
2004-07-09,343722.39605436433
2004-07-12,341920.33402958245
2004-07-13,340763.4571561108
2004-07-14,339110.13244289067
2004-07-15,335953.1208826593
2004-07-16,331786.7071434153
2004-07-19,330344.67306557903
2004-07-20,336399.0232758626
2004-07-21,328162.5671571884
2004-07-22,327869.8097586994
2004-07-23,326887.83097996196
2004-07-26,320452.41977402254
2004-07-27,328979.69145220565
2004-07-28,328443.7999456144
2004-07-29,333901.43919827894
2004-07-30,335503.70534166414
2004-08-02,331462.6691269542
2004-08-03,329804.1899756546
2004-08-04,323305.82097812014
2004-08-05,309446.3375126281
2004-08-06,303719.3608416056
2004-08-09,310363.7576923553
2004-08-10,314632.31815098715
2004-08-11,311378.3325872273
2004-08-12,306964.34931623616
2004-08-13,307540.19992164045
2004-08-16,315587.87637172715
2004-08-17,312326.5028954718
2004-08-18,317831.26171762956
2004-08-19,319894.1071493707
2004-08-20,324973.62717634084
2004-08-23,320732.739943865
2004-08-24,320105.3552956321
2004-08-25,320467.16087956325
2004-08-26,321176.0634491256
2004-08-27,326055.4550188686
2004-08-30,318740.77556409757
2004-08-31,322410.3302771844
2004-09-01,325605.8040212078
2004-09-02,334785.86370169657
2004-09-03,334714.2529615235
2004-09-07,339282.91437061946
2004-09-08,336925.4130478843
2004-09-09,340493.69893255265
2004-09-10,347246.1965834759
2004-09-13,348508.2695835495
2004-09-14,349947.5827596455
2004-09-15,349249.3295350681
2004-09-16,350489.64583088446
2004-09-17,348438.80635888746
2004-09-20,345127.87407400244
2004-09-21,351838.92468252196
2004-09-22,349781.87463858887
2004-09-23,346293.7354075317
2004-09-24,348895.68572818115
2004-09-27,342473.9971544022
2004-09-28,348698.2762935984
2004-09-29,345507.7579775399
2004-09-30,349791.80391805613
2004-10-01,352755.9542406818
2004-10-04,360112.2063638787
2004-10-05,362136.9146437704
2004-10-06,368765.52940627595
2004-10-07,363811.54705995927
2004-10-08,359493.657694956
2004-10-11,358457.2902464064
2004-10-12,357344.6908362148
2004-10-13,347942.82971829566
2004-10-14,351047.06206853676
2004-10-15,352582.6993174865
2004-10-18,353758.36464271566
2004-10-19,347341.41106008453
2004-10-20,351560.57314245665
2004-10-21,358881.55955116573
2004-10-22,355715.1270683095
2004-10-25,362023.2162454855
2004-10-26,367819.17170100345
2004-10-27,375090.30658672785
2004-10-28,370955.0444028235
2004-10-29,377066.30873085506
2004-11-01,378082.2235536288
2004-11-02,382018.758170701
2004-11-03,392428.228366607
2004-11-04,399177.8986143095
2004-11-05,397283.46382779465
2004-11-08,399093.88789314183
2004-11-09,399811.1227303046
2004-11-10,409078.6791006809
2004-11-11,409748.9588650653
2004-11-12,420418.5474767946
2004-11-15,419748.05156905355
2004-11-16,415058.6026877494
2004-11-17,421550.7205509489
2004-11-18,423431.8799489038
2004-11-19,419044.4100348535
2004-11-22,422649.2528827025
2004-11-23,425980.0876909145
2004-11-24,428374.69538796355
2004-11-26,436685.2429879214
2004-11-29,432824.2062518501
2004-11-30,428545.5213869193
2004-12-01,433506.92636746244
2004-12-02,425237.450252904
2004-12-03,431305.6591760102
2004-12-06,433343.1073788564
2004-12-07,423447.22888997867
2004-12-08,425407.43313791923
2004-12-09,427889.32357911055
2004-12-10,432415.0584548924
2004-12-13,444591.9652032689
2004-12-14,446120.3527125619
2004-12-15,453851.45138508227
2004-12-16,449650.2556686592
2004-12-17,451774.9864677124
2004-12-20,448199.2490222962
2004-12-21,456283.2008909823
2004-12-22,455154.71757904015
2004-12-23,457328.5532549064
2004-12-27,453786.3841061317
2004-12-28,465654.16706912126
2004-12-29,464163.04125809326
2004-12-30,462370.86550969275
2004-12-31,463244.50452279474
2005-01-03,451768.7801132476
2005-01-04,440056.61679972446
2005-01-05,439895.6973786204
2005-01-06,440804.5682662838
2005-01-07,436117.5317176699
2005-01-10,439247.68919196195
2005-01-11,424596.53677879856
2005-01-12,421622.88270315557
2005-01-13,421348.106382327
2005-01-14,426223.65261192643
2005-01-18,432350.6161898746
2005-01-19,427362.7775259988
2005-01-20,418238.5309980431
2005-01-21,412183.1469574479
2005-01-24,398701.21305014315
2005-01-25,404750.0054415759
2005-01-26,412888.26930450916
2005-01-27,415194.0213272492
2005-01-28,412185.1452391591
2005-01-31,423617.3015675171
2005-02-01,419608.41710018576
2005-02-02,421298.36241795355
2005-02-03,423107.6306126201
2005-02-04,433667.50025561464
2005-02-07,435229.07947699225
2005-02-08,437784.23619333055
2005-02-09,432309.30287360563
2005-02-10,432184.46180340473
2005-02-11,437338.54194265587
2005-02-14,440125.56879026076
2005-02-15,442100.8231875633
2005-02-16,444981.6019515469
2005-02-17,440571.27056677215
2005-02-18,440095.11172556307
2005-02-22,428329.5700830338
2005-02-23,429650.6525005413
2005-02-24,440611.6048528112
2005-02-25,447417.5155639624
2005-02-28,442140.0419643087
2005-03-01,441698.4616617386
2005-03-02,441413.0954683736
2005-03-03,439465.3323211581
2005-03-04,449306.14484932926
2005-03-07,447345.8034810369
2005-03-08,439943.26394737995
2005-03-09,431884.5533048414
2005-03-10,425238.9425924093
2005-03-11,432593.74040237616
2005-03-14,434225.2016189032
2005-03-15,433470.756418522
2005-03-16,431003.46054823336
2005-03-17,434418.48776552087
2005-03-18,431425.3220895593
2005-03-21,432449.615217094
2005-03-22,428421.0925370579
2005-03-23,425885.8098040312
2005-03-24,432081.03208555485
2005-03-28,430672.4566313645
2005-03-29,421867.460245024
2005-03-30,426778.1147074779
2005-03-31,429302.71086765506
2005-04-01,434729.89748297766
2005-04-04,433830.09464046505
2005-04-05,440795.61663803103
2005-04-06,446648.1687515597
2005-04-07,446865.16367493913
2005-04-08,439116.0678650097
2005-04-11,440855.65613427106
2005-04-12,440139.4284054154
2005-04-13,433073.1574190479
2005-04-14,418503.4670295065
2005-04-15,406618.1304179713
2005-04-18,409355.5199714835
2005-04-19,421336.2503915533
2005-04-20,413515.8371533356
2005-04-21,421710.46952205285
2005-04-22,412504.6322519686
2005-04-25,420051.2509641804
2005-04-26,414964.7414366657
2005-04-27,416210.016172371
2005-04-28,409355.3609948012
2005-04-29,416536.85311008187
2005-05-02,423769.38535025803
2005-05-03,424337.4701506723
2005-05-04,428558.7275695311
2005-05-05,429231.48369637056
2005-05-06,432980.5588358129
2005-05-09,438283.90089166194
2005-05-10,433686.2211979597
2005-05-11,431444.18044038676
2005-05-12,412699.35936121945
2005-05-13,404417.5212577387
2005-05-16,408734.59038411395
2005-05-17,414186.3281823126
2005-05-18,416527.6941261418
2005-05-19,419537.7224947006
2005-05-20,420502.8448076561
2005-05-23,424632.79610890924
2005-05-24,429884.63003868813
2005-05-25,428421.22861850064
2005-05-26,436675.5937719268
2005-05-27,438999.07088878896
2005-05-31,438229.41687578923
2005-06-01,445138.0259444137
2005-06-02,446886.8076078852
2005-06-03,448964.6694309343
2005-06-06,450635.1969276544
2005-06-07,453171.9180371484
2005-06-08,450061.03002019407
2005-06-09,461326.66743456473
2005-06-10,461636.3347878443
2005-06-13,466948.23581434204
2005-06-14,466738.9949673253
2005-06-15,469666.4752843073
2005-06-16,471985.28170257184
2005-06-17,477704.93304764666
2005-06-20,480271.8397197288
2005-06-21,474864.3676505284
2005-06-22,476110.0322078448
2005-06-23,470790.4205679546
2005-06-24,467022.0067374215
2005-06-27,470315.3154643812
2005-06-28,473584.05022516416
2005-06-29,477784.9731248246
2005-06-30,477825.32255288307
2005-07-01,480586.401784776
2005-07-05,488543.1411964261
2005-07-06,492498.5859034985
2005-07-07,498677.6711574386
2005-07-08,501739.1205022846
2005-07-11,505297.09521581855
2005-07-12,506086.3373409012
2005-07-13,502054.9039281012
2005-07-14,491886.9322010181
2005-07-15,490617.2311117395
2005-07-18,486200.6619519233
2005-07-19,496062.13820390764
2005-07-20,494037.65923965606
2005-07-21,483453.38765362144
2005-07-22,490839.0555588739
2005-07-25,489614.6382366218
2005-07-26,492097.526184198
2005-07-27,500081.9847763517
2005-07-28,512585.68221240665
2005-07-29,514293.65056902985
2005-08-01,516460.98621169734
2005-08-02,522223.8868680058
2005-08-03,525658.7920334379
2005-08-04,521307.6328752678
2005-08-05,509724.83284495847
2005-08-08,504831.6933589274
2005-08-09,512139.2086907057
2005-08-10,513719.6086031437
2005-08-11,520988.1110585418
2005-08-12,522494.17127394094
2005-08-15,518804.9729306078
2005-08-16,508517.90455250716
2005-08-17,502730.9255651343
2005-08-18,497767.9998594018
2005-08-19,504336.25099027116
2005-08-22,507742.6772288376
2005-08-23,507707.5092377374
2005-08-24,511212.81724754616
2005-08-25,508271.0937835352
2005-08-26,499749.14775225474
2005-08-29,501451.81613043294
2005-08-30,513020.3888659064
2005-08-31,529578.5895230569
2005-09-01,540134.2733337366
2005-09-02,535332.7879018841
2005-09-06,541673.154834469
2005-09-07,547184.7409257146
2005-09-08,554259.4285798749
2005-09-09,567718.8438714852
2005-09-12,566395.945644286
2005-09-13,565319.3342256745
2005-09-14,559635.3724071516
2005-09-15,552512.8776436344
2005-09-16,558575.3976860866
2005-09-19,565086.1794077784
2005-09-20,560317.2893107058
2005-09-21,569416.84628742
2005-09-22,568613.2356162858
2005-09-23,568223.0550956819
2005-09-26,573031.2379803557
2005-09-27,572820.7942075826
2005-09-28,576909.4963557174
2005-09-29,583038.3547699415
2005-09-30,584235.9246493028
2005-10-03,595560.5834688261
2005-10-04,582476.0090703691
2005-10-05,563046.2239339122
2005-10-06,556800.0824841534
2005-10-07,566822.9931892708
2005-10-10,564078.1698129119
2005-10-11,567467.5901584837
2005-10-12,554273.033146169
2005-10-13,543156.9637160259
2005-10-14,552384.6751169367
2005-10-17,562346.831037085
2005-10-18,551932.5246145146
2005-10-19,560430.7757704632
2005-10-20,543621.7913798245
2005-10-21,561267.0100436665
2005-10-24,576854.7177061724
2005-10-25,576816.1500365037
2005-10-26,577530.2235007928
2005-10-27,570494.9493691103
2005-10-28,579251.4136441317
2005-10-31,595152.507551627
2005-11-01,599555.8293433628
2005-11-02,615842.0986977705
2005-11-03,621762.4371200931
2005-11-04,611668.525733056
2005-11-07,610494.6587122276
2005-11-08,610579.918836426
2005-11-09,602653.9871387313
2005-11-10,600275.1607858482
2005-11-11,605337.0169447907
2005-11-14,613371.6324818226
2005-11-15,613794.7875472237
2005-11-16,616913.9653566825
2005-11-17,626870.3693826768
2005-11-18,630516.1102771591
2005-11-21,650345.4548130183
2005-11-22,666302.9076418217
2005-11-23,658234.3276062625
2005-11-25,669838.0798366085
2005-11-28,643718.9736738455
2005-11-29,645198.1229557667
2005-11-30,644127.605462236
2005-12-01,661644.3593448
2005-12-02,666605.5039163748
2005-12-05,667824.413876665
2005-12-06,662241.9330763357
2005-12-07,659338.0838528352
2005-12-08,671391.1870010358
2005-12-09,669241.7109134027
2005-12-12,670694.3189251918
2005-12-13,672353.3858544305
2005-12-14,671249.5078000529
2005-12-15,668528.5341478596
2005-12-16,666662.7355038942
2005-12-19,662387.6142459797
2005-12-20,668023.1798507588
2005-12-21,670693.6117111712
2005-12-22,672027.3756739288
2005-12-23,672920.8416661794
2005-12-27,661101.3616542851
2005-12-28,663214.774205906
2005-12-29,658375.6817507579
2005-12-30,651924.1757349123
2006-01-03,674089.2802750465
2006-01-04,689672.0643721649
2006-01-05,696991.7086068101
2006-01-06,708697.090123321
2006-01-09,709599.4567487341
2006-01-10,711721.1419640275
2006-01-11,716936.7506436422
2006-01-12,711571.3711394825
2006-01-13,707826.8600747931
2006-01-17,706180.8750846665
2006-01-18,698464.7533992121
2006-01-19,711455.7112176485
2006-01-20,689999.4561117733
2006-01-23,696098.5202072579
2006-01-24,714880.8962428882
2006-01-25,716995.8792416642
2006-01-26,736203.029909866
2006-01-27,746019.4601454455
2006-01-30,751499.6636888057
2006-01-31,738017.033598741
2006-02-01,727685.087937202
2006-02-02,713649.96844418
2006-02-03,699390.1362456566
2006-02-06,703020.2068270178
2006-02-07,679859.6483555393
2006-02-08,677574.149462045
2006-02-09,672457.8711470595
2006-02-10,665851.7795273445
2006-02-13,648407.2262630281
2006-02-14,663494.189514034
2006-02-15,664208.7947471961
2006-02-16,682117.6565936473
2006-02-17,681164.0694297709
2006-02-21,682035.6550099171
2006-02-22,690172.7619130036
2006-02-23,683920.5530023747
2006-02-24,689213.1755001149
2006-02-27,684802.9893616696
2006-02-28,663373.2102083897
2006-03-01,685802.6517497369
2006-03-02,688710.5182521382
2006-03-03,683339.3756136837
2006-03-06,676189.774329907
2006-03-07,656102.2211629839
2006-03-08,651280.5954121208
2006-03-09,651075.0900743214
2006-03-10,667920.0795620151
2006-03-13,665538.8635019824
2006-03-14,678014.673218967
2006-03-15,694583.5704377425
2006-03-16,687766.9479793541
2006-03-17,693527.646588539
2006-03-20,699990.098292114
2006-03-21,688787.1366322059
2006-03-22,689107.013687092
2006-03-23,684401.5790948712
2006-03-24,700636.7822648945
2006-03-27,710532.1299382116
2006-03-28,706478.5631811741
2006-03-29,719961.4243449605
2006-03-30,715906.5387636874
2006-03-31,719452.8527198366
2006-04-03,725293.1698112173
2006-04-04,730806.808255779
2006-04-05,735962.3332369947
2006-04-06,739041.464194505
2006-04-07,722097.7977046022
2006-04-10,712250.5451554618
2006-04-11,702796.4361146707
2006-04-12,715192.1668080075
2006-04-13,715542.748641766
2006-04-17,715867.2430916791
2006-04-18,745866.8034979935
2006-04-19,754112.6696355144
2006-04-20,739586.2124095153
2006-04-21,749603.3801117875
2006-04-24,750895.6842533365
2006-04-25,748577.4404554424
2006-04-26,745879.3560712162
2006-04-27,734585.0192168987
2006-04-28,739061.5345585278
2006-05-01,745576.3781572095
2006-05-02,751366.8685554939
2006-05-03,754719.5352113392
2006-05-04,757598.930332875
2006-05-05,766769.0433304246
2006-05-08,772174.4146636699
2006-05-09,781455.3175228629
2006-05-10,789910.9214217647
2006-05-11,769563.9739248082
2006-05-12,742332.1332657369
2006-05-15,715097.060427727
2006-05-16,718397.2374877805
2006-05-17,694693.7301166991
2006-05-18,682651.4300455018
2006-05-19,688889.5897798077
2006-05-22,667752.8130073148
2006-05-23,678048.9811454245
2006-05-24,666861.0826011613
2006-05-25,695176.7221115989
2006-05-26,699118.2383138099
2006-05-30,677246.3791227841
2006-05-31,688958.691241838
2006-06-01,704770.4209483976
2006-06-02,710276.5377922134
2006-06-05,678006.102781729
2006-06-06,671714.0258692923
2006-06-07,650738.3485132726
2006-06-08,650186.4219430452
2006-06-09,654871.1166736744
2006-06-12,628402.081273254
2006-06-13,605715.1199484469
2006-06-14,625909.0625355595
2006-06-15,660175.7625573481
2006-06-16,652598.0531504317
2006-06-19,635213.3318433439
2006-06-20,633702.0417921182
2006-06-21,650234.3426146327
2006-06-22,649317.9274004778
2006-06-23,654943.1292640683
2006-06-26,666699.7475110979
2006-06-27,656365.7516610716
2006-06-28,663505.4543781166
2006-06-29,694433.8294089363
2006-06-30,705473.2749957873
2006-07-03,707832.5183316132
2006-07-05,691611.6673633226
2006-07-06,694802.4710423802
2006-07-07,684543.7528044548
2006-07-10,679786.7718521603
2006-07-11,679944.7786162928
2006-07-12,670272.7197111675
2006-07-13,646615.0353755517
2006-07-14,641281.8884544024
2006-07-17,629984.1751943282
2006-07-18,634665.6918250268
2006-07-19,652502.5351937161
2006-07-20,620411.1191238752
2006-07-21,596195.4308402447
2006-07-24,615057.0764282179
2006-07-25,625319.5179298501
2006-07-26,620458.7047630022
2006-07-27,613125.7586961997
2006-07-28,633252.3207564843
2006-07-31,645827.3297398865
2006-08-01,625426.3425239212
2006-08-02,639664.6452389044
2006-08-03,653698.1712988861
2006-08-04,642124.0617981465
2006-08-07,640945.2081638151
2006-08-08,634057.9213987981
2006-08-09,623853.11436409
2006-08-10,629717.6862744169
2006-08-11,617548.3585757035
2006-08-14,611654.3360193243
2006-08-15,632562.6000450612
2006-08-16,644917.7604360734
2006-08-17,641399.1631956028
2006-08-18,647613.5197973878
2006-08-21,640581.2935382915
2006-08-22,638595.1130241484
2006-08-23,626323.2553061636
2006-08-24,622667.7444164058
2006-08-25,622461.1255369666
2006-08-28,632777.1918053469
2006-08-29,629619.8511680503
2006-08-30,623158.6769830924
2006-08-31,624672.1551976686
2006-09-01,633544.6370253867
2006-09-05,640450.7667715577
2006-09-06,630828.5014681636
2006-09-07,624596.5064572208
2006-09-08,626821.5932427837
2006-09-11,623237.8912165015
2006-09-12,627107.7069948885
2006-09-13,634144.6221202995
2006-09-14,628880.3606176589
2006-09-15,628761.9261833283
2006-09-18,635436.4188407602
2006-09-19,633633.6726160974
2006-09-20,635854.5112538453
2006-09-21,633484.5636240633
2006-09-22,632003.8158637988
2006-09-25,633260.1951303354
2006-09-26,644275.5826508563
2006-09-27,645165.2507243481
2006-09-28,643079.355126748
2006-09-29,641128.9768901246
2006-10-02,635858.0636781796
2006-10-03,640260.0632478059
2006-10-04,646570.6994928358
2006-10-05,645271.8089170295
2006-10-06,643056.5530207105
2006-10-09,651216.8720300943
2006-10-10,654730.0536301237
2006-10-11,654149.0148260051
2006-10-12,661933.5409571961
2006-10-13,661525.3162487751
2006-10-16,662932.8035806477
2006-10-17,656787.525403598
2006-10-18,657201.7010003867
2006-10-19,660264.8789862242
2006-10-20,666654.8544544363
2006-10-23,669043.0562059836
2006-10-24,671113.4425105134
2006-10-25,664886.8744534533
2006-10-26,675744.8190251887
2006-10-27,670369.2212260179
2006-10-30,663141.8403353048
2006-10-31,662298.4993559605
2006-11-01,655529.5684126007
2006-11-02,654509.3370019933
2006-11-03,647629.2473548838
2006-11-06,661887.4166081898
2006-11-07,662898.4649738637
2006-11-08,660884.2439659558
2006-11-09,652089.2375127441
2006-11-10,652346.9315017113
2006-11-13,655737.954873196
2006-11-14,660217.0081704344
2006-11-15,659549.503479668
2006-11-16,662940.0724086624
2006-11-17,665242.8515388515
2006-11-20,671981.311071274
2006-11-21,671799.1999213155
2006-11-22,671290.6368355979
2006-11-24,670591.4781546523
2006-11-27,657575.1703262549
2006-11-28,660112.154104421
2006-11-29,670286.58873422
2006-11-30,675693.8936776874
2006-12-01,671104.4295450397
2006-12-04,681947.9256055953
2006-12-05,686387.0806475738
2006-12-06,679719.2047676769
2006-12-07,674189.5827251093
2006-12-08,676837.8171021484
2006-12-11,677034.3002981895
2006-12-12,666321.7617830174
2006-12-13,668390.5692613426
2006-12-14,671623.3342005902
2006-12-15,671005.7983684338
2006-12-18,667513.2029385947
2006-12-19,666813.4289002271
2006-12-20,666142.029803851
2006-12-21,661135.2197645648
2006-12-22,657879.104563045
2006-12-26,657699.593978373
2006-12-27,664642.6141219441
2006-12-28,664518.2378872554
2006-12-29,665793.7850582856
2007-01-03,669923.0842655225
2007-01-04,673948.9853878814
2007-01-05,669116.7215297703
2007-01-08,673006.4347987833
2007-01-09,681183.5805484137
2007-01-10,690754.0340715069
2007-01-11,694736.4937683102
2007-01-12,697338.5142255543
2007-01-16,701262.5751449841
2007-01-17,694518.5834166938
2007-01-18,684373.684547285
2007-01-19,689734.3170414875
2007-01-22,686459.8700092805
2007-01-23,688167.1761175159
2007-01-24,699611.0690074052
2007-01-25,688488.9383549427
2007-01-26,692676.5942402416
2007-01-29,703863.2487846683
2007-01-30,704175.5953031557
2007-01-31,709433.8914626816
2007-02-01,715298.8336844625
2007-02-02,718179.6305430837
2007-02-05,722156.948950631
2007-02-06,718322.6678644088
2007-02-07,726507.7308680024
2007-02-08,729684.7231762871
2007-02-09,710610.836664062
2007-02-12,706070.301617202
2007-02-13,710369.769215398
2007-02-14,719459.5070939681
2007-02-15,722575.6192004203
2007-02-16,721865.0515221242
2007-02-20,730933.5756354067
2007-02-21,733413.664496196
2007-02-22,733432.7846089065
2007-02-23,730878.2026854845
2007-02-26,721444.069476223
2007-02-27,686820.9056469662
2007-02-28,693902.2647406837
2007-03-01,699656.961005195
2007-03-02,686655.5031319843
2007-03-05,679246.2666228418
2007-03-06,701821.2675142427
2007-03-07,698144.763690512
2007-03-08,716522.724458743
2007-03-09,719481.1154228615
2007-03-12,722563.5459879987
2007-03-13,703600.6384098238
2007-03-14,707754.9215307505
2007-03-15,714446.1744067544
2007-03-16,711540.1687689051
2007-03-19,726989.4149963422
2007-03-20,735225.8886060268
2007-03-21,745395.2605286393
2007-03-22,744432.7479294097
2007-03-23,742756.3719919154
2007-03-26,743222.028040009
2007-03-27,728441.8628876114
2007-03-28,718689.7515101542
2007-03-29,720013.455876502
2007-03-30,719966.7168830127
2007-04-02,728631.7791370202
2007-04-03,736177.7880022378
2007-04-04,742069.9274977727
2007-04-05,746348.644896134
2007-04-09,750653.9934703402
2007-04-10,749719.4525089319
2007-04-11,749303.3568754883
2007-04-12,753973.3180679445
2007-04-13,751642.9699700994
2007-04-16,757663.0175348625
2007-04-17,753071.0415122509
2007-04-18,751796.6710098787
2007-04-19,747160.9997059553
2007-04-20,756726.5488285173
2007-04-23,762790.147213142
2007-04-24,755970.1560633879
2007-04-25,764765.8181984124
2007-04-26,770421.7366682087
2007-04-27,766394.5210906441
2007-04-30,753887.7835022663
2007-05-01,745539.4057363647
2007-05-02,756892.1700027275
2007-05-03,760747.7439122649
2007-05-04,766508.7642777751
2007-05-07,769418.8751728905
2007-05-08,765978.6941406142
2007-05-09,775981.5969321006
2007-05-10,764063.3872224797
2007-05-11,769422.9424909141
2007-05-14,767468.0604807279
2007-05-15,764536.0121625833
2007-05-16,763958.0588516599
2007-05-17,767670.8673703903
2007-05-18,775362.5469707687
2007-05-21,781458.5978760773
2007-05-22,779312.1467789228
2007-05-23,774773.7414887055
2007-05-24,762997.1834521416
2007-05-25,770184.8233746976
2007-05-29,773987.1398383058
2007-05-30,785538.3801452408
2007-05-31,790053.8715930388
2007-06-01,799142.8421549293
2007-06-04,805969.1548011093
2007-06-05,809920.1380175024
2007-06-06,789864.7114091382
2007-06-07,765949.5236279018
2007-06-08,778393.8425825962
2007-06-11,780967.6070343554
2007-06-12,781859.4419886785
2007-06-13,800173.7715040632
2007-06-14,811985.9759410046
2007-06-15,830589.702830163
2007-06-18,829756.2735626505
2007-06-19,833617.1058752016
2007-06-20,821031.3075212385
2007-06-21,830326.2211953934
2007-06-22,821065.8693976034
2007-06-25,811206.825346618
2007-06-26,799778.0961276325
2007-06-27,805348.4727916806
2007-06-28,812682.5547882671
2007-06-29,817683.5314215217
2007-07-02,830989.6358122342
2007-07-03,838283.5962281228
2007-07-05,841341.1028304963
2007-07-06,848925.262582281
2007-07-09,857671.3040517843
2007-07-10,843997.825907144
2007-07-11,847589.8821614255
2007-07-12,860040.1227064346
2007-07-13,876957.1715982325
2007-07-16,870956.27358349
2007-07-17,866656.0803074901
2007-07-18,869870.956979793
2007-07-19,874999.7789223656
2007-07-20,866088.3131236866
2007-07-23,861519.5853003928
2007-07-24,825370.8786160646
2007-07-25,840396.1544122305
2007-07-26,824316.9960920416
2007-07-27,800186.8081529094
2007-07-30,828791.654748343
2007-07-31,810820.7534112514
2007-08-01,795529.5198060835
2007-08-02,799063.9984705342
2007-08-03,763439.3469327559
2007-08-06,773188.2022706748
2007-08-07,790309.9300223048
2007-08-08,810881.8595168765
2007-08-09,764947.7491644772
2007-08-10,779616.8493158146
2007-08-13,798658.2597630809
2007-08-14,773723.8713189585
2007-08-15,745475.6215200777
2007-08-16,724598.0669396934
2007-08-17,756863.3387622555
2007-08-20,769888.4093291626
2007-08-21,787860.9196772921
2007-08-22,816018.3686745218
2007-08-23,809012.4695092916
2007-08-24,826967.307103877
2007-08-27,815282.9695770043
2007-08-28,781254.0937326921
2007-08-29,809302.3410362372
2007-08-30,809385.9801493889
2007-08-31,835620.1109088375
2007-09-04,855618.3411496615
2007-09-05,842731.4492698557
2007-09-06,848428.0201991977
2007-09-07,825422.0018564046
2007-09-10,822305.1633540413
2007-09-11,841286.2508769571
2007-09-12,846688.8233197272
2007-09-13,857539.645538533
2007-09-14,858517.8178380898
2007-09-17,857183.2744273646
2007-09-18,900271.643878325
2007-09-19,904721.453688902
2007-09-20,901465.6790167917
2007-09-21,915567.6997674754
2007-09-24,910886.8169728132
2007-09-25,922269.7155246089
2007-09-26,915633.3630271041
2007-09-27,925621.0428687857
2007-09-28,919049.8210181217
2007-10-01,938430.189581078
2007-10-02,942508.8145307279
2007-10-03,925984.8494973445
2007-10-04,935188.2208023751
2007-10-05,958171.38830327
2007-10-08,961387.5072807303
2007-10-09,970973.1767022373
2007-10-10,976135.5197406842
2007-10-11,956062.1111858491
2007-10-12,978249.827124225
2007-10-15,972893.1199246433
2007-10-16,962939.7449785823
2007-10-17,964068.8184002716
2007-10-18,978363.7781936394
2007-10-19,949051.1982850978
2007-10-22,955429.765457871
2007-10-23,1001717.7762226999
2007-10-24,988593.2598592237
2007-10-25,976321.515003013
2007-10-26,990284.1236563638
2007-10-29,1009203.6537974682
2007-10-30,992894.8544072872
2007-10-31,1006255.8010980107
2007-11-01,977121.7828317794
2007-11-02,978788.4441847999
2007-11-05,965530.6408132736
2007-11-06,997082.5318996091
2007-11-07,977109.2243420121
2007-11-08,954284.38662051
2007-11-09,942843.4584165211
2007-11-12,877784.7731103762
2007-11-13,925053.0238795126
2007-11-14,924090.4739679934
2007-11-15,903528.492725529
2007-11-16,912964.0333218507
2007-11-19,887425.9753073145
2007-11-20,909131.0670898564
2007-11-21,896861.1669872646
2007-11-23,917246.2851231542
2007-11-26,904723.5840186884
2007-11-27,919122.4189229406
2007-11-28,967561.3860342597
2007-11-29,969428.9245028219
2007-11-30,980838.4966291342
2007-12-03,986211.8853121507
2007-12-04,978182.7656556163
2007-12-05,1005070.9235914485
2007-12-06,1028184.5761305293
2007-12-07,1038180.2466526162
2007-12-10,1040635.8240164617
2007-12-11,999209.36433909
2007-12-12,1015193.7607331703
2007-12-13,1027015.3368507947
2007-12-14,1019594.1727756693
2007-12-17,968193.661430215
2007-12-18,976147.415700791
2007-12-19,988155.9849988868
2007-12-20,1009371.4361317863
2007-12-21,1031014.9299620505
2007-12-24,1047451.2823591246
2007-12-26,1059085.507375695
2007-12-27,1046042.7544232252
2007-12-28,1045208.2429643922
2007-12-31,1030542.6230472153
2008-01-02,1051724.0400033398
2008-01-03,1055399.5716692058
2008-01-04,1052797.6771587231
2008-01-07,1052861.671801494
2008-01-08,1064732.348546615
2008-01-09,1064334.5723129958
2008-01-10,1067598.0281880985
2008-01-11,1073763.2641975144
2008-01-14,1081576.5032096938
2008-01-15,1078277.4571258046
2008-01-16,1066482.6821583845
2008-01-17,1072162.4686592177
2008-01-18,1074184.2553283675
2008-01-22,1084528.8946099172
2008-01-23,1081571.3531363013
2008-01-24,1084207.2229055027
2008-01-25,1094665.5670743375
2008-01-28,1101400.9307179134
2008-01-29,1094054.8011902391
2008-01-30,1095943.7733432557
2008-01-31,1095907.9198976867
2008-02-01,1086911.3899012152
2008-02-04,1079798.104372942
2008-02-05,1075318.2620376598
2008-02-06,1081464.2497443222
2008-02-07,1075284.6708246954
2008-02-08,1088317.2105345065
2008-02-11,1092555.5353515996
2008-02-12,1077341.528742058
2008-02-13,1072303.2173914893
2008-02-14,1066042.6085716528
2008-02-15,1066807.1634123547
2008-02-19,1075947.4689369854
2008-02-20,1089425.0123402346
2008-02-21,1095252.8989334668
2008-02-22,1092939.4511747076
2008-02-25,1083553.5287204303
2008-02-26,1089398.7145867308
2008-02-27,1096096.5222778341
2008-02-28,1112828.8610096364
2008-02-29,1122443.5176006127
2008-03-03,1127182.181819893
2008-03-04,1109765.710539451
2008-03-05,1117931.5822870065
2008-03-06,1113942.0468250394
2008-03-07,1112301.252747319
2008-03-10,1119229.183146009
2008-03-11,1115145.5897290644
2008-03-12,1131827.1278538487
2008-03-13,1135157.601850465
2008-03-14,1144309.3149257742
2008-03-17,1151372.615286632
2008-03-18,1133647.3518232366
2008-03-19,1122716.1365042964
2008-03-20,1105220.7631572129
2008-03-24,1095697.6759219759
2008-03-25,1113988.9865589743
2008-03-26,1118087.7694459104
2008-03-27,1112131.1078389774
2008-03-28,1108136.6776551069
2008-03-31,1101244.2138614613
2008-04-01,1070661.6454571818
2008-04-02,1086654.893034857
2008-04-03,1088780.5164061715
2008-04-04,1098795.866022478
2008-04-07,1101511.0923228455
2008-04-08,1094637.9839522482
2008-04-09,1112073.7057317921
2008-04-10,1107074.7052040666
2008-04-11,1107967.4867310128
2008-04-14,1103571.9260416185
2008-04-15,1100056.9194450246
2008-04-16,1104331.023354953
2008-04-17,1099178.1021095393
2008-04-18,1087185.5546217065
2008-04-21,1087134.250121629
2008-04-22,1089122.4287754914
2008-04-23,1080981.4228859146
2008-04-24,1064281.8728337903
2008-04-25,1061475.3581295758
2008-04-28,1065648.3910015686
2008-04-29,1056249.6085473201
2008-04-30,1065189.7090687738
2008-05-01,1048874.6091106217
2008-05-02,1045945.1923597163
2008-05-05,1056394.718905408
2008-05-06,1054793.7149184044
2008-05-07,1052123.6993395877
2008-05-08,1065551.1746462237
2008-05-09,1068615.9480230936
2008-05-12,1065178.7093404394
2008-05-13,1049558.6039653402
2008-05-14,1048620.7500334992
2008-05-15,1064460.1725290283
2008-05-16,1075113.8970806613
2008-05-19,1077565.8318530535
2008-05-20,1089479.0643505016
2008-05-21,1095949.2710993309
2008-05-22,1083649.8275188678
2008-05-23,1087510.3080473489
2008-05-27,1072691.0601900716
2008-05-28,1066604.3253653902
2008-05-29,1047032.5732601043
2008-05-30,1056164.929766446
2008-06-02,1061690.7092441472
2008-06-03,1048654.9211366887
2008-06-04,1045878.8373527455
2008-06-05,1043464.7513580505
2008-06-06,1074967.8599070928
2008-06-09,1062052.7991213603
2008-06-10,1032601.6866897998
2008-06-11,1050344.7352889928
2008-06-12,1033205.1391225
2008-06-13,1035981.3149944079
2008-06-16,1050224.1000552317
2008-06-17,1053120.911160901
2008-06-18,1065553.1547476945
2008-06-19,1067242.9688999986
2008-06-20,1073640.135632002
2008-06-23,1051189.642365145
2008-06-24,1055776.3597110831
2008-06-25,1055172.8151904182
2008-06-26,1093676.6349921287
2008-06-27,1104056.9745494053
2008-06-30,1103212.0674732532
2008-07-01,1108847.0303457733
2008-07-02,1114797.9547072304
2008-07-03,1106949.3811291996
2008-07-07,1104483.9504769999
2008-07-08,1105826.9382122892
2008-07-09,1112157.0559972269
2008-07-10,1124434.3858248803
2008-07-11,1126234.2736903569
2008-07-14,1135621.7250689282
2008-07-15,1136977.703150538
2008-07-16,1116475.0026824942
2008-07-17,1112299.947891824
2008-07-18,1109922.0278324622
2008-07-21,1117667.6134658854
2008-07-22,1102795.5702426697
2008-07-23,1086943.7325135525
2008-07-24,1096807.9157293886
2008-07-25,1093488.5261330751
2008-07-28,1099246.693080447
2008-07-29,1090182.0435441616
2008-07-30,1084285.3715601785
2008-07-31,1093052.2193256747
2008-08-01,1091166.4449274312
2008-08-04,1081204.6060326505
2008-08-05,1064544.129697491
2008-08-06,1065834.6257225722
2008-08-07,1071129.2189025804
2008-08-08,1062261.481878756
2008-08-11,1036421.7180233193
2008-08-12,1037359.3739317391
2008-08-13,1042254.0229692686
2008-08-14,1031487.5598967776
2008-08-15,1024781.2927365412
2008-08-18,1034541.7385155584
2008-08-19,1043247.791960175
2008-08-20,1042305.9554812555
2008-08-21,1055937.7187652765
2008-08-22,1047771.405401323
2008-08-25,1052036.5568806347
2008-08-26,1054433.7816459697
2008-08-27,1056174.1396685895
2008-08-28,1061552.70481172
2008-08-29,1056151.9147805728
2008-09-02,1065345.4838608508
2008-09-03,1069861.2220477245
2008-09-04,1078441.0285028014
2008-09-05,1077876.5519890592
2008-09-08,1082392.585868187
2008-09-09,1093116.7525525242
2008-09-10,1086343.1083106822
2008-09-11,1085779.3710275763
2008-09-12,1071780.3387021583
2008-09-15,1106550.4952105002
2008-09-16,1106325.473404865
2008-09-17,1111856.8405627054
2008-09-18,1095599.6064900646
2008-09-19,1060829.5239047864
2008-09-22,1060717.6783095412
2008-09-23,1056653.166502956
2008-09-24,1061282.4505155378
2008-09-25,1059136.5379019417
2008-09-26,1066814.3351348236
2008-09-29,1097858.1778526055
2008-09-30,1071102.9816702805
2008-10-01,1084578.2690900064
2008-10-02,1093297.4205199922
2008-10-03,1102922.5730176081
2008-10-06,1122965.7767931437
2008-10-07,1119568.3467125944
2008-10-08,1103489.1193771313
2008-10-09,1094203.6433568131
2008-10-10,1086503.6692048477
2008-10-13,1072574.8637898613
2008-10-14,1065668.453725772
2008-10-15,1075859.413352275
2008-10-16,1070310.452505295
2008-10-17,1062950.3765998178
2008-10-20,1071442.5842245147
2008-10-21,1077104.499512694
2008-10-22,1098958.6705005993
2008-10-23,1107112.4583400793
2008-10-24,1095335.0358453966
2008-10-27,1096128.0085487638
2008-10-28,1080161.9574236912
2008-10-29,1074726.4684793556
2008-10-30,1064988.6572327947
2008-10-31,1051173.3976435165
2008-11-03,1054016.1090547205
2008-11-04,1073797.6251850692
2008-11-05,1086532.129584338
2008-11-06,1078686.60092012
2008-11-07,1071637.7411124501
2008-11-10,1076867.6500168804
2008-11-11,1080051.146751336
2008-11-12,1086985.0561950894
2008-11-13,1060950.5359599188
2008-11-14,1081982.9781727118
2008-11-17,1086758.6298512456
2008-11-18,1100742.1383333048
2008-11-19,1128937.5775639848
2008-11-20,1187259.5482160843
2008-11-21,1170092.912614887
2008-11-24,1151788.7489108266
2008-11-25,1185668.3542718333
2008-11-26,1187259.5482160845
2008-11-28,1201925.3665752835
2008-12-01,1247954.8188254507
2008-12-02,1252746.0682704065
2008-12-03,1256281.2170184653
2008-12-04,1281035.2419457464
2008-12-05,1260274.0973764102
2008-12-08,1257536.430638599
2008-12-09,1282404.5927760974
2008-12-10,1279324.3665615078
2008-12-11,1281833.7588788848
2008-12-12,1281833.7588788848
2008-12-15,1296434.3031729143
2008-12-16,1328489.709093165
2008-12-17,1364536.6647562154
2008-12-18,1393169.1371389704
2008-12-19,1394651.7381027753
2008-12-22,1383928.7541874559
2008-12-23,1382103.7415929998
2008-12-24,1379136.9133579913
2008-12-26,1383701.0711515308
2008-12-29,1382041.4983734386
2008-12-30,1395203.9433879582
2008-12-31,1366017.0480281124
2009-01-02,1345740.2725746657
2009-01-05,1314735.0065830532
2009-01-06,1313181.2955565138
2009-01-07,1297399.980510153
2009-01-08,1310286.7402568723
2009-01-09,1307086.9369908012
2009-01-12,1289261.0393982253
2009-01-13,1290897.6521073242
2009-01-14,1292842.112126803
2009-01-15,1298762.5939153063
2009-01-16,1307490.462664444
2009-01-20,1321682.5060953982
2009-01-21,1297913.8905613516
2009-01-22,1288740.4822520574
2009-01-23,1313786.8770796973
2009-01-26,1311169.4725853635
2009-01-27,1322383.1050613264
2009-01-28,1298680.51835097
2009-01-29,1299196.6350112204
2009-01-30,1310273.7716078355
2009-02-02,1304741.3016468454
2009-02-03,1286487.4809039887
2009-02-04,1289398.382247305
2009-02-05,1296760.0066394862
2009-02-06,1290924.2750156967
2009-02-09,1283857.1151150558
2009-02-10,1311543.7690726588
2009-02-11,1335169.7865407334
2009-02-12,1335249.979108568
2009-02-13,1313039.9073563542
2009-02-17,1354061.2146665682
2009-02-18,1358646.8872908012
2009-02-19,1339106.3780964063
2009-02-20,1359804.5494469027
2009-02-23,1365598.1847899356
2009-02-24,1343922.5942600453
2009-02-25,1324954.5107423596
2009-02-26,1317341.885618555
2009-02-27,1310505.5669580458
2009-03-02,1309328.8179489956
2009-03-03,1298547.0026092918
2009-03-04,1288000.9393649704
2009-03-05,1327620.8136655923
2009-03-06,1325358.8186123301
2009-03-09,1309131.832211814
2009-03-10,1279002.1428275576
2009-03-11,1293757.7301181445
2009-03-12,1310473.1729558774
2009-03-13,1308611.9794911465
2009-03-16,1294710.4295971147
2009-03-17,1285770.5687207754
2009-03-18,1331904.8667598024
2009-03-19,1341748.2585787827
2009-03-20,1332620.8647063135
2009-03-23,1316099.6120219787
2009-03-24,1314283.946545996
2009-03-25,1312879.868797448
2009-03-26,1320136.9163991786
2009-03-27,1316130.721140001
2009-03-30,1313495.8492994523
2009-03-31,1320378.2986102041
2009-04-01,1331887.9929838763
2009-04-02,1307435.5222072275
2009-04-03,1285150.7432272837
2009-04-06,1265384.4077841376
2009-04-07,1277896.9097224372
2009-04-08,1282598.4365615551
2009-04-09,1272333.5331250778
2009-04-13,1289748.462353621
2009-04-14,1289377.6670241547
2009-04-15,1289219.0605204443
2009-04-16,1271668.656790342
2009-04-17,1260309.724710125
2009-04-20,1282644.663138409
2009-04-21,1275865.8095790385
2009-04-22,1275594.1108163241
2009-04-23,1285896.2214457744
2009-04-24,1286101.3335283461
2009-04-27,1283762.7300520262
2009-04-28,1264189.9852404667
2009-04-29,1262768.7556908054
2009-04-30,1252691.565425145
2009-05-01,1247346.6087411384
2009-05-04,1271590.6442562535
2009-05-05,1265995.8836678353
2009-05-06,1284501.6723248933
2009-05-07,1283067.137972368
2009-05-08,1290813.7548135517
2009-05-11,1286653.5285776593
2009-05-12,1301142.4678205082
2009-05-13,1306737.2284089264
2009-05-14,1305876.5296870023
2009-05-15,1313336.2834368635
2009-05-18,1296265.029132331
2009-05-19,1304872.3446954389
2009-05-20,1323378.1333524967
2009-05-21,1346331.0113367704
2009-05-22,1350634.723842302
2009-05-26,1345039.963253884
2009-05-27,1340592.764478713
2009-05-28,1351925.7719251884
2009-05-29,1380043.0611369174
2009-06-01,1423382.6190424226
2009-06-02,1439938.4280264848
2009-06-03,1425595.3482088726
2009-06-04,1426898.164277181
2009-06-05,1425305.1677696656
2009-06-08,1424404.5806087092
2009-06-09,1429976.1489314034
2009-06-10,1418231.0980846442
2009-06-11,1412223.9233738787
2009-06-12,1408459.1745978454
2009-06-15,1380433.802424671
2009-06-16,1364003.2030651623
2009-06-17,1390101.1159010443
2009-06-18,1408260.597303195
2009-06-19,1413867.387409796
2009-06-22,1388689.7650701753
2009-06-23,1373220.3192672015
2009-06-24,1372415.6476088709
2009-06-25,1418060.7726923455
2009-06-26,1413684.0202614167
2009-06-29,1431973.395224259
2009-06-30,1423470.8387169952
2009-07-01,1425766.0156503653
2009-07-02,1383515.6525947775
2009-07-06,1390649.592968845
2009-07-07,1354735.4980301086
2009-07-08,1371277.1839008203
2009-07-09,1376399.3043706063
2009-07-10,1371352.876536041
2009-07-13,1402473.1954221067
2009-07-14,1418351.8044731657
2009-07-15,1450200.5956709771
2009-07-16,1465538.4864612909
2009-07-17,1459589.9997065032
2009-07-20,1483714.5898521834
2009-07-21,1487038.9086309255
2009-07-22,1492978.6448506357
2009-07-23,1518823.8979124015
2009-07-24,1513259.6875273539
2009-07-27,1479442.2052664396
2009-07-28,1498230.6948694347
2009-07-29,1501333.6418670742
2009-07-30,1509346.2610387825
2009-07-31,1497231.0717707428
2009-08-03,1521533.0079019968
2009-08-04,1500785.456254352
2009-08-05,1493132.7231541693
2009-08-06,1495036.4941596277
2009-08-07,1521708.6842721233
2009-08-10,1488965.7664276029
2009-08-11,1487417.6699299365
2009-08-12,1501684.8993172026
2009-08-13,1529110.6111613896
2009-08-14,1499710.599883945
2009-08-17,1463638.0339277321
2009-08-18,1486210.5805490788
2009-08-19,1489066.4110288466
2009-08-20,1508920.0486517122
2009-08-21,1528921.3923183302
2009-08-24,1504943.6453723279
2009-08-25,1530486.0892293632
2009-08-26,1530211.072689
2009-08-27,1525549.9661397834
2009-08-28,1527126.8698029837
2009-08-31,1508989.500668564
2009-09-01,1469125.7370327208
2009-09-02,1453305.3175761881
2009-09-03,1476944.5592628287
2009-09-04,1498536.2051484555
2009-09-08,1527606.4083152951
2009-09-09,1550587.6870801768
2009-09-10,1566296.9387060022
2009-09-11,1554217.8625911186
2009-09-14,1568496.0389115333
2009-09-15,1582668.3663147576
2009-09-16,1609717.3974940982
2009-09-17,1600668.0740893278
2009-09-18,1606560.5809608384
2009-09-21,1600772.5855468556
2009-09-22,1621903.7838125639
2009-09-23,1597335.6609484935
2009-09-24,1563340.1572309055
2009-09-25,1557150.6124435652
2009-09-28,1598084.9915447878
2009-09-29,1600274.2247286746
2009-09-30,1594718.8338057194
2009-10-01,1532970.2793116765
2009-10-02,1531602.39445753
2009-10-05,1580767.1210264221
2009-10-06,1600728.3739942347
2009-10-07,1611564.8373460884
2009-10-08,1612862.8482995476
2009-10-09,1641847.1644708358
2009-10-12,1646226.9267970575
2009-10-13,1645360.9602949922
2009-10-14,1676282.0145686616
2009-10-15,1667441.4650527698
2009-10-16,1626581.7945667806
2009-10-19,1658683.9629462908
2009-10-20,1649209.7243675613
2009-10-21,1636141.8936967119
2009-10-22,1661995.2461845817
2009-10-23,1639754.99799
2009-10-26,1630302.1582455665
2009-10-27,1595144.8848793444
2009-10-28,1518282.615039132
2009-10-29,1547355.0141430078
2009-10-30,1487755.6911619168
2009-11-02,1506010.7915120139
2009-11-03,1518957.819327068
2009-11-04,1515217.8012359699
2009-11-05,1554780.6607428796
2009-11-06,1556839.433170801
2009-11-09,1599071.960088858
2009-11-10,1638961.8181222347
2009-11-11,1644593.917995181
2009-11-12,1623558.8945264244
2009-11-13,1637220.9818115837
2009-11-16,1664317.0442465364
2009-11-17,1566977.5309239288
2009-11-18,1560898.4053238654
2009-11-19,1532663.838994732
2009-11-20,1531133.1988527598
2009-11-23,1555575.167781867
2009-11-24,1534195.806734572
2009-11-25,1551405.7071184646
2009-11-27,1516651.5066694953
2009-11-30,1505384.933646815
2009-12-01,1528727.1578314924
2009-12-02,1539957.7734663498
2009-12-03,1533433.1946280592
2009-12-04,1528702.1213568412
2009-12-07,1520373.2135802067
2009-12-08,1507446.1672998809
2009-12-09,1516679.6087480541
2009-12-10,1530032.8767927005
2009-12-11,1524136.0505528257
2009-12-14,1546670.4404407328
2009-12-15,1544248.8306500027
2009-12-16,1557747.5820951008
2009-12-17,1537376.9139064485
2009-12-18,1544574.6977154524
2009-12-21,1573939.98000454
2009-12-22,1613333.3900568695
2009-12-23,1639414.1684242007
2009-12-24,1646531.0420564874
2009-12-28,1645913.0106742142
2009-12-29,1635146.1717709743
2009-12-30,1625218.7044070472
2009-12-31,1609053.2948834249
2010-01-04,1635357.496773681
2010-01-05,1662480.9471531888
2010-01-06,1651949.4830729917
2010-01-07,1638374.6088783892
2010-01-08,1653534.3025733503
2010-01-11,1640531.7868614732
2010-01-12,1595949.758599509
2010-01-13,1625176.5381580156
2010-01-14,1624396.6722398517
2010-01-15,1588374.281076716
2010-01-19,1594661.225652514
2010-01-20,1568740.1732348215
2010-01-21,1552061.9272206395
2010-01-22,1473897.3246528476
2010-01-25,1486181.489190653
2010-01-26,1488519.012953783
2010-01-27,1490621.3626060102
2010-01-28,1448185.1303228128
2010-01-29,1418386.7411171014
2010-02-01,1458180.697597536
2010-02-02,1465320.9676839074
2010-02-03,1465352.275712538
2010-02-04,1429927.5305177772
2010-02-05,1429171.9699587966
2010-02-08,1424740.8631160385
2010-02-09,1436308.2391267035
2010-02-10,1422864.5409916693
2010-02-11,1433764.4389880358
2010-02-12,1382665.7425991562
2010-02-16,1397598.5197023188
2010-02-17,1406868.1009268144
2010-02-18,1419461.2338367202
2010-02-19,1417935.5280453141
2010-02-22,1414337.585216743
2010-02-23,1395474.2001189962
2010-02-24,1407698.8684492789
2010-02-25,1402711.9528755818
2010-02-26,1408336.6348764866
2010-03-01,1442543.1024842528
2010-03-02,1447159.5498875505
2010-03-03,1449900.5778939235
2010-03-04,1451690.0314561476
2010-03-05,1470847.1440377608
2010-03-08,1472305.4928300087
2010-03-09,1467900.1087123344
2010-03-10,1475430.2359826972
2010-03-11,1481725.4552148294
2010-03-12,1493348.4561035386
2010-03-15,1483699.667578074
2010-03-16,1508596.6508188925
2010-03-17,1513460.2813919603
2010-03-18,1503781.5133710261
2010-03-19,1484156.6015784063
2010-03-22,1505424.8346219063
2010-03-23,1521966.7489688306
2010-03-24,1502562.6246779514
2010-03-25,1491819.8788092863
2010-03-26,1499383.5514187422
2010-03-29,1509750.50715766
2010-03-30,1485359.240277888
2010-03-31,1476722.1513859504
2010-04-01,1488993.2778194535
2010-04-05,1496710.2477236378
2010-04-06,1493393.7237063085
2010-04-07,1489160.3237489886
2010-04-08,1500325.7068132695
2010-04-09,1516768.7666568032
2010-04-12,1526458.7201055668
2010-04-13,1534860.566131629
2010-04-14,1570189.4788642281
2010-04-15,1583985.7059107765
2010-04-16,1539898.7841352138
2010-04-19,1535094.2804433757
2010-04-20,1554788.9299219577
2010-04-21,1565800.2721546905
2010-04-22,1581886.572482069
2010-04-23,1586452.7145326398
2010-04-26,1608842.0045626205
2010-04-27,1550104.2546239237
2010-04-28,1538662.5091964349
2010-04-29,1549617.0179961277
2010-04-30,1503604.917539414
2010-05-03,1518267.8637488375
2010-05-04,1463531.2127000568
2010-05-05,1441920.0812053157
2010-05-06,1386077.1830312717
2010-05-07,1359849.5284047807
2010-05-10,1466828.880653
2010-05-11,1448695.035909226
2010-05-12,1471208.6067719713
2010-05-13,1445931.4114323054
2010-05-14,1402069.3568377285
2010-05-17,1392176.9991732475
2010-05-18,1351703.3710316138
2010-05-19,1333502.7250963373
2010-05-20,1273841.0870858356
2010-05-21,1319869.945193977
2010-05-24,1307391.7782055326
2010-05-25,1309850.0921559278
2010-05-26,1314403.8112764293
2010-05-27,1374979.91536481
2010-05-28,1347179.0663997473
2010-06-01,1356133.517430806
2010-06-02,1348956.7484722645
2010-06-03,1333786.7538348169
2010-06-04,1358668.4387273428
2010-06-07,1376988.1197475195
2010-06-08,1370786.649183328
2010-06-09,1367526.2674749878
2010-06-10,1346290.7666515433
2010-06-11,1360712.7015457943
2010-06-14,1354896.3005581032
2010-06-15,1359973.4674863655
2010-06-16,1360139.1984458028
2010-06-17,1374547.8685166487
2010-06-18,1378667.1797068475
2010-06-21,1362997.829112771
2010-06-22,1377114.3141691056
2010-06-23,1378959.467656917
2010-06-24,1376855.775908271
2010-06-25,1387933.0455749515
2010-06-28,1385008.8108145753
2010-06-29,1393587.3492247902
2010-06-30,1400631.1393936737
2010-07-01,1375031.067876278
2010-07-02,1378067.4901934892
2010-07-06,1372227.1938256929
2010-07-07,1371377.172201431
2010-07-08,1363979.2589639472
2010-07-09,1366774.593829039
2010-07-12,1360609.7788739635
2010-07-13,1360692.9821763658
2010-07-14,1367198.3546637236
2010-07-15,1373607.4459859051
2010-07-16,1367900.6040197094
2010-07-19,1358182.9477775896
2010-07-20,1364598.4626053937
2010-07-21,1371480.3224201447
2010-07-22,1369527.7392172443
2010-07-23,1357750.352135732
2010-07-26,1353260.983318116
2010-07-27,1334966.499768659
2010-07-28,1338719.8750485603
2010-07-29,1341517.0114593385
2010-07-30,1359000.4074248055
2010-08-02,1349755.5217224401
2010-08-03,1356279.5059272489
2010-08-04,1355358.0575842094
2010-08-05,1360030.042772624
2010-08-06,1372446.8894735093
2010-08-09,1367347.8737376076
2010-08-10,1370709.1440012087
2010-08-11,1377628.0133995747
2010-08-12,1384322.6030236378
2010-08-13,1392780.0913256237
2010-08-16,1416014.476158188
2010-08-17,1412081.5796638585
2010-08-18,1416748.6213541268
2010-08-19,1428796.7764246752
2010-08-20,1425496.8427047555
2010-08-23,1424502.558831518
2010-08-24,1439367.7238312422
2010-08-25,1443009.1485597903
2010-08-26,1447415.8722995077
2010-08-27,1427222.547401561
2010-08-30,1440316.0047333553
2010-08-31,1455265.9242521476
2010-09-01,1437896.8520831177
2010-09-02,1433845.0531998854
2010-09-03,1422438.2436671113
2010-09-07,1441897.0743667982
2010-09-08,1436226.4231240526
2010-09-09,1415320.6678092633
2010-09-10,1413074.5015013153
2010-09-13,1415888.0050702787
2010-09-14,1436674.7126177254
2010-09-15,1425555.544008968
2010-09-16,1422484.5813316556
2010-09-17,1424850.2841988981
2010-09-20,1430872.9553274214
2010-09-21,1447339.0472627662
2010-09-22,1454920.8662745538
2010-09-23,1457584.1445974407
2010-09-24,1450039.4893248612
2010-09-27,1462820.6898473387
2010-09-28,1474343.4900553166
2010-09-29,1471860.6486703483
2010-09-30,1471142.635498853
2010-10-01,1470600.0050396977
2010-10-04,1461900.180804442
2010-10-05,1490121.7786158863
2010-10-06,1454483.1902496815
2010-10-07,1458396.4723237902
2010-10-08,1470905.172455942
2010-10-11,1454018.3391978203
2010-10-12,1476740.9140016374
2010-10-13,1488541.1449184816
2010-10-14,1491193.3828841127
2010-10-15,1496568.206881265
2010-10-18,1489033.1808548819
2010-10-19,1470052.7131026487
2010-10-20,1487854.253500347
2010-10-21,1493152.8622883288
2010-10-22,1518994.9893849003
2010-10-25,1529850.6044101114
2010-10-26,1524163.9622414215
2010-10-27,1526095.291444913
2010-10-28,1528471.1469561078
2010-10-29,1527033.2836407311
2010-11-01,1521697.6252765753
2010-11-02,1542172.7620453725
2010-11-03,1537743.2159338067
2010-11-04,1559002.966861137
2010-11-05,1566939.0556213933
2010-11-08,1578315.0858429917
2010-11-09,1578037.5366739873
2010-11-10,1596491.3969342515
2010-11-11,1594519.3098013229
2010-11-12,1572144.9696436068
2010-11-15,1560761.9569045047
2010-11-16,1533000.41048611
2010-11-17,1536403.8232937043
2010-11-18,1576127.9827958972
2010-11-19,1592711.9340834788
2010-11-22,1618993.421997095
2010-11-23,1604109.1235137703
2010-11-24,1636905.763112855
2010-11-26,1636649.864078163
2010-11-29,1627596.7970043006
2010-11-30,1626121.197945009
2010-12-01,1661376.5181391488
2010-12-02,1672295.9005708206
2010-12-03,1690271.8711241505
2010-12-06,1694940.414401392
2010-12-07,1689742.7514802748
2010-12-08,1691696.0350450852
2010-12-09,1688762.858377345
2010-12-10,1693060.9804831354
2010-12-13,1686468.1762869281
2010-12-14,1653853.1346991814
2010-12-15,1641313.1519752322
2010-12-16,1662456.5533967833
2010-12-17,1677968.36952112
2010-12-20,1683375.4268114793
2010-12-21,1692285.1870687867
2010-12-22,1668258.5031026842
2010-12-23,1673726.6656651748
2010-12-27,1663614.004878183
2010-12-28,1648563.3112154978
2010-12-29,1663392.503432299
2010-12-30,1670047.3655890822
2010-12-31,1659088.8434835414
2011-01-03,1679143.9365387824
2011-01-04,1657262.353158988
2011-01-05,1677824.79909117
2011-01-06,1653554.175879367
2011-01-07,1653329.792746703
2011-01-10,1670901.5104736087
2011-01-11,1665743.2205298415
2011-01-12,1680093.287259989
2011-01-13,1686888.9979118144
2011-01-14,1696033.7394089373
2011-01-18,1702267.6469434001
2011-01-19,1660373.4318799933
2011-01-20,1609305.38085027
2011-01-21,1591644.3267098733
2011-01-24,1588954.9095382818
2011-01-25,1577351.0443695656
2011-01-26,1608876.2639291147
2011-01-27,1636836.1040786477
2011-01-28,1616613.4392375932
2011-01-31,1635637.1108038663
2011-02-01,1668194.1098044394
2011-02-02,1671937.286723848
2011-02-03,1682487.5985289162
2011-02-04,1704893.235004205
2011-02-07,1729263.8803817625
2011-02-08,1735407.9760935795
2011-02-09,1726575.3329651773
2011-02-10,1748420.6790083647
2011-02-11,1751786.705948657
2011-02-14,1778830.2040551614
2011-02-15,1750233.3811021692
2011-02-16,1771918.2750151407
2011-02-17,1792488.4343892937
2011-02-18,1755888.2004201894
2011-02-22,1689395.236807167
2011-02-23,1671858.3929869374
2011-02-24,1699278.208065247
2011-02-25,1722862.8472292777
2011-02-28,1718866.7554584856
2011-03-01,1684157.066824093
2011-03-02,1706865.1683401405
2011-03-03,1761540.486540717
2011-03-04,1756226.5155563133
2011-03-07,1735146.6178591552
2011-03-08,1746135.9331859655
2011-03-09,1728873.4310290997
2011-03-10,1677013.5804644045
2011-03-11,1709486.4739229162
2011-03-14,1715802.8161341457
2011-03-15,1694845.2928082582
2011-03-16,1663602.2835056037
2011-03-17,1685018.1440442
2011-03-18,1670089.9378929995
2011-03-21,1717531.836053116
2011-03-22,1693886.2791575391
2011-03-23,1728775.713353989
2011-03-24,1755688.6963699157
2011-03-25,1776955.8567546417
2011-03-28,1766527.398151245
2011-03-29,1794865.128794767
2011-03-30,1806299.0117635152
2011-03-31,1795419.2211316745
2011-04-01,1820782.697391819
2011-04-04,1829341.4295414584
2011-04-05,1829649.5011369837
2011-04-06,1813889.4267531384
2011-04-07,1810891.355632059
2011-04-08,1792112.651096171
2011-04-11,1767442.3848717955
2011-04-12,1736025.3766726349
2011-04-13,1768296.483270118
2011-04-14,1759820.726334736
2011-04-15,1782918.452737438
2011-04-18,1766367.736418084
2011-04-19,1788236.5726195779
2011-04-20,1836205.9361345845
2011-04-21,1852086.3569842516
2011-04-25,1853579.7131424455
2011-04-26,1816743.1738449335
2011-04-27,1819127.0335551682
2011-04-28,1786932.0900337726
2011-04-29,1790365.0895853485
2011-05-02,1759726.7976163956
2011-05-03,1708521.0228183516
2011-05-04,1704206.1565755566
2011-05-05,1684932.5728805652
2011-05-06,1682760.394856016
2011-05-09,1720387.3258695614
2011-05-10,1742817.304996104
2011-05-11,1701172.767678945
2011-05-12,1697587.6616128315
2011-05-13,1683251.8452193502
2011-05-16,1646769.5383630616
2011-05-17,1643252.1338539883
2011-05-18,1699664.2630568123
2011-05-19,1703015.4074208622
2011-05-20,1694361.2327009204
2011-05-23,1668123.9202771212
2011-05-24,1670024.317562857
2011-05-25,1709244.2763943982
2011-05-26,1733099.7012510386
2011-05-27,1742676.6646255448
2011-05-31,1758425.340220589
2011-06-01,1721580.0390378896
2011-06-02,1730158.4438742388
2011-06-03,1713680.4754809353
2011-06-06,1671401.7259609234
2011-06-07,1671778.473377031
2011-06-08,1655959.8783107572
2011-06-09,1681976.0310700596
2011-06-10,1643234.7559808446
2011-06-13,1631175.3462862782
2011-06-14,1656303.9888930805
2011-06-15,1625336.160796121
2011-06-16,1602507.7563660468
2011-06-17,1599102.0974740179
2011-06-20,1623160.8110191904
2011-06-21,1670960.6030123066
2011-06-22,1661009.7547462794
2011-06-23,1671684.309596559
2011-06-24,1649953.310057367
2011-06-27,1668679.9767127894
2011-06-28,1711954.567635171
2011-06-29,1730240.964609404
2011-06-30,1750527.0359563825
2011-07-01,1787712.6324349
2011-07-05,1815905.6923043004
2011-07-06,1827748.222757659
2011-07-07,1843916.4400715684
2011-07-08,1837072.2826612345
2011-07-11,1792943.0695537187
2011-07-12,1779641.8625075922
2011-07-13,1797038.3132629162
2011-07-14,1779976.9385403579
2011-07-15,1787325.7078629965
2011-07-18,1775478.7763108306
2011-07-19,1815669.4035729845
2011-07-20,1795831.9091003407
2011-07-21,1800530.0159010517
2011-07-22,1813465.6871948068
2011-07-25,1807657.9346545686
2011-07-26,1798162.225029335
2011-07-27,1740436.1662118381
2011-07-28,1735640.1756882155
2011-07-29,1736241.900925009
2011-08-01,1741265.6828998243
2011-08-02,1674605.7529398797
2011-08-03,1694158.5034836158
2011-08-04,1607674.5105928278
2011-08-05,1612115.3000092774
2011-08-08,1486176.6193209519
2011-08-09,1583296.6706619007
2011-08-10,1531154.2193761573
2011-08-11,1600581.201295246
2011-08-12,1626604.6022064376
2011-08-15,1651944.3896703394
2011-08-16,1623337.5887976948
2011-08-17,1581454.5148800632
2011-08-18,1469713.1442345236
2011-08-19,1430623.7480636968
2011-08-22,1439189.3178649193
2011-08-23,1530943.4207173856
2011-08-24,1539804.7960902418
2011-08-25,1509123.825337681
2011-08-26,1562358.8060734833
2011-08-29,1619141.2592241343
2011-08-30,1657250.8418152689
2011-08-31,1656882.5084610493
2011-09-01,1673154.0776212856
2011-09-02,1725588.7887368093
2011-09-06,1732959.514003358
2011-09-07,1688847.8099274607
2011-09-08,1718976.2977295974
2011-09-09,1722895.6179247284
2011-09-12,1704592.607595728
2011-09-13,1701484.4781749432
2011-09-14,1702349.3350132562
2011-09-15,1675840.1127519354
2011-09-16,1689762.0013569559
2011-09-19,1692816.1665219818
2011-09-20,1708431.1237069755
2011-09-21,1726048.6900365285
2011-09-22,1735915.4625761488
2011-09-23,1672279.4581336225
2011-09-26,1647238.4922423512
2011-09-27,1650571.8404514364
2011-09-28,1627632.295439671
2011-09-29,1640974.686811851
2011-09-30,1663457.0230300701
2011-10-03,1701606.793081977
2011-10-04,1673269.0761567326
2011-10-05,1676905.356879494
2011-10-06,1666846.0967100791
2011-10-07,1653885.7534534063
2011-10-10,1663453.4750023235
2011-10-11,1654711.4235230482
2011-10-12,1648596.5275461287
2011-10-13,1651957.5282363715
2011-10-14,1645554.775251016
2011-10-17,1655851.4698967182
2011-10-18,1646737.9213157839
2011-10-19,1636429.7966915967
2011-10-20,1619855.824128411
2011-10-21,1620268.7696844724
2011-10-24,1629246.9415592216
2011-10-25,1673070.9233671138
2011-10-26,1667600.5966762733
2011-10-27,1650045.8402343807
2011-10-28,1659063.2535555798
2011-10-31,1680808.5047557007
2011-11-01,1709141.0586489616
2011-11-02,1707058.6692944244
2011-11-03,1708766.3294881736
2011-11-04,1705465.9709840012
2011-11-07,1731496.8339899455
2011-11-08,1713243.606085433
2011-11-09,1723803.4733193745
2011-11-10,1706302.2630066453
2011-11-11,1715154.8152214398
2011-11-14,1725199.8662216798
2011-11-15,1724822.3748356802
2011-11-16,1723482.8492669058
2011-11-17,1708238.516624063
2011-11-18,1710681.4495898196
2011-11-21,1694746.6489597373
2011-11-22,1713585.600648769
2011-11-23,1719497.2463846852
2011-11-25,1699553.2462582206
2011-11-28,1715929.045938424
2011-11-29,1710182.434493198
2011-11-30,1713481.9899322912
2011-12-01,1706665.2775991107
2011-12-02,1719582.3423819635
2011-12-05,1705185.1265638215
2011-12-06,1701430.8251888028
2011-12-07,1710648.635286615
2011-12-08,1704064.1655850387
2011-12-09,1688701.5761842888
2011-12-12,1675729.3616513736
2011-12-13,1665228.9043345393
2011-12-14,1651740.8610523415
2011-12-15,1645653.8654292854
2011-12-16,1670914.108208097
2011-12-19,1679563.0911782735
2011-12-20,1670055.7273912332
2011-12-21,1659398.1469948834
2011-12-22,1656968.7334105836
2011-12-23,1649188.75152869
2011-12-27,1645720.980824257
2011-12-28,1640324.4865100004
2011-12-29,1638072.8809389044
2011-12-30,1649704.9749668716
2012-01-03,1643004.1376444264
2012-01-04,1653236.7130797869
2012-01-05,1668046.2143957752
2012-01-06,1655689.1708109924
2012-01-09,1652161.444920526
2012-01-10,1652597.1031478408
2012-01-11,1644548.3042243489
2012-01-12,1651578.9669788603
2012-01-13,1653978.797132456
2012-01-17,1669649.883303657
2012-01-18,1687268.581645646
2012-01-19,1687975.4135227483
2012-01-20,1662142.3093371964
2012-01-23,1672804.3782270805
2012-01-24,1675533.4757823935
2012-01-25,1686240.2537304328
2012-01-26,1668974.263215223
2012-01-27,1669474.1258925002
2012-01-30,1668946.5574827378
2012-01-31,1668068.2532568735
2012-02-01,1684839.3740200575
2012-02-02,1695639.1354843308
2012-02-03,1718445.8905440469
2012-02-06,1706996.7390248445
2012-02-07,1716965.0420645382
2012-02-08,1716094.4314568953
2012-02-09,1730607.053921322
2012-02-10,1728728.8256244455
2012-02-13,1746059.4707833896
2012-02-14,1758776.639441299
2012-02-15,1743042.8115936716
2012-02-16,1748482.9249111856
2012-02-17,1761121.4186967378
2012-02-21,1761359.346462484
2012-02-22,1767944.0296495492
2012-02-23,1779027.4080956
2012-02-24,1783084.2327213818
2012-02-27,1794005.3766378309
2012-02-28,1806308.324721751
2012-02-29,1792442.798334223
2012-03-01,1812373.916941844
2012-03-02,1808335.8307270552
2012-03-05,1820558.8380020873
2012-03-06,1795299.6321868468
2012-03-07,1820005.4881597068
2012-03-08,1846978.6182865056
2012-03-09,1869124.9272455864
2012-03-12,1869127.594146461
2012-03-13,1893105.5525610673
2012-03-14,1889794.7330156595
2012-03-15,1892639.5145780274
2012-03-16,1878569.1484131895
2012-03-19,1878422.8892522063
2012-03-20,1887677.459224451
2012-03-21,1904158.214958211
2012-03-22,1906539.4821331103
2012-03-23,1902391.681313759
2012-03-26,1936855.5899792516
2012-03-27,1947575.4306031172
2012-03-28,1940660.822955161
2012-03-29,1935075.1031666363
2012-03-30,1927153.4221555868
2012-04-02,1940581.891465617
2012-04-03,1944000.6605958438
2012-04-04,1930093.5755980224
2012-04-05,1945998.35140278
2012-04-09,1923709.17096974
2012-04-10,1858342.408484471
2012-04-11,1886092.8584486914
2012-04-12,1909033.4357010764
2012-04-13,1898969.6830598884
2012-04-16,1883118.5798843072
2012-04-17,1915829.5271034583
2012-04-18,1925356.7004330722
2012-04-19,1911075.5682522657
2012-04-20,1909457.7616987994
2012-04-23,1877300.3709037814
2012-04-24,1874336.8397018914
2012-04-25,1928220.7394978858
2012-04-26,1958880.6322598753
2012-04-27,1987217.4919952333
2012-04-30,1957249.5896488596
2012-05-01,1972708.8620540365
2012-05-02,1991774.0270194379
2012-05-03,1974990.994990479
2012-05-04,1939850.2843195924
2012-05-07,1935616.910377452
2012-05-08,1903347.6893854137
2012-05-09,1900829.1555840608
2012-05-10,1900582.8227316777
2012-05-11,1900729.5921113358
2012-05-14,1856454.1774296118
2012-05-15,1879700.1381279123
2012-05-16,1879478.8089482104
2012-05-17,1798891.5728080422
2012-05-18,1779033.2221373105
2012-05-21,1825520.4703654845
2012-05-22,1833081.1677470936
2012-05-23,1864252.8967279748
2012-05-24,1868156.5895587085
2012-05-25,1858936.515721861
2012-05-29,1885794.3971929706
2012-05-30,1860547.5755903502
2012-05-31,1866911.0734465856
2012-06-01,1777681.4193076498
2012-06-04,1757034.619084077
2012-06-05,1788358.0948427515
2012-06-06,1840638.0194671976
2012-06-07,1838826.3034350649
2012-06-08,1863943.3623574101
2012-06-11,1827239.7682002347
2012-06-12,1862848.480547903
2012-06-13,1832830.3043272134
2012-06-14,1864954.7652299777
2012-06-15,1881686.2710650344
2012-06-18,1926725.414533471
2012-06-19,1937828.5751394043
2012-06-20,1927389.6205398568
2012-06-21,1875916.3692145096
2012-06-22,1897055.455130817
2012-06-25,1866350.4699403478
2012-06-26,1888800.6021492197
2012-06-27,1848075.3008304867
2012-06-28,1839377.966034798
2012-06-29,1895959.719027771
2012-07-02,1911160.6638607867
2012-07-03,1904017.5994786317
2012-07-05,1951015.1283971455
2012-07-06,1950409.4148579037
2012-07-09,1938497.2472639717
2012-07-10,1915613.3373896133
2012-07-11,1893156.462798515
2012-07-12,1907896.7514158024
2012-07-13,1935499.689184559
2012-07-16,1927779.1068031897
2012-07-17,1938812.1276736788
2012-07-18,1927306.9589971248
2012-07-19,1925158.5198022928
2012-07-20,1906365.3735369989
2012-07-23,1903850.284276655
2012-07-24,1887864.9058411515
2012-07-25,1858525.640141456
2012-07-26,1906217.584821981
2012-07-27,1947545.3100015412
2012-07-30,1941075.329528782
2012-07-31,1923034.5707423538
2012-08-01,1906745.066342623
2012-08-02,1916951.5306600307
2012-08-03,1952028.7595669283
2012-08-06,1950731.8066686536
2012-08-07,1981766.7996217057
2012-08-08,1984760.7739351324
2012-08-09,1974624.0987866693
2012-08-10,1944184.4556694543
2012-08-13,1939846.279753514
2012-08-14,1962268.0919343336
2012-08-15,1967689.0239649657
2012-08-16,1996018.1916672133
2012-08-17,2018625.3826935366
2012-08-20,1997838.1930519708
2012-08-21,1984349.9049157563
2012-08-22,2011254.5962386576
2012-08-23,1995830.134411096
2012-08-24,2018124.6871279774
2012-08-27,2008258.7421958137
2012-08-28,2009628.562786289
2012-08-29,2021328.5597611042
2012-08-30,2000075.037872687
2012-08-31,2009212.067361096
2012-09-04,2027125.6351043575
2012-09-05,2020431.756427031
2012-09-06,2060614.2452487266
2012-09-07,2055883.0889200943
2012-09-10,2027814.260452948
2012-09-11,2028934.720387954
2012-09-12,2053797.5574960595
2012-09-13,2083555.0350923648
2012-09-14,2105640.2030089255
2012-09-17,2084596.568056848
2012-09-18,2068171.0966001973
2012-09-19,2098227.676805153
2012-09-20,2116413.469335801
2012-09-21,2138274.9223112543
2012-09-24,2125280.63298385
2012-09-25,2098127.3165156962
2012-09-26,2061433.2181457737
2012-09-27,2094213.01797109
2012-09-28,2083836.9193696105
2012-10-01,2080282.8363912266
2012-10-02,2090445.956335827
2012-10-03,2147714.9095934406
2012-10-04,2166279.3103637937
2012-10-05,2169040.9600230767
2012-10-08,2138266.09236744
2012-10-09,2032921.1940607685
2012-10-10,2038401.5520360922
2012-10-11,2015234.7556781163
2012-10-12,2009515.6292147369
2012-10-15,2045452.7493828852
2012-10-16,2066268.2208353106
2012-10-17,2089602.5176103977
2012-10-18,2080829.4392456259
2012-10-19,2058404.4309170032
2012-10-22,2054660.209923047
2012-10-23,2027254.3418018273
2012-10-24,2041255.1105091851
2012-10-25,2011735.2003757015
2012-10-26,2028442.580124604
2012-10-31,2032451.559407625
2012-11-01,2057480.3007997293
2012-11-02,2016940.0080768336
2012-11-05,2052444.7078776339
2012-11-06,2077027.2880979257
2012-11-07,2051303.731723005
2012-11-08,2018449.7475777937
2012-11-09,1999639.3219181742
2012-11-12,1974211.7437805037
2012-11-13,1961436.9515778406
2012-11-14,1918783.785437296
2012-11-15,1912655.1280953723
2012-11-16,1949094.4976078114
2012-11-19,1996517.0545549875
2012-11-20,2026892.1603264643
2012-11-21,2039092.5934099373
2012-11-23,2066045.3877293577
2012-11-26,2052340.4154360886
2012-11-27,2061198.685240827
2012-11-28,2075734.5993386996
2012-11-29,2085029.9069894291
2012-11-30,2087232.4817026053
2012-12-03,2073077.618956515
2012-12-04,2065008.8612516765
2012-12-05,2035214.205869014
2012-12-06,2042136.2560005256
2012-12-07,2065438.8431218003
2012-12-10,2077016.9381406447
2012-12-11,2085685.5493082718
2012-12-12,2101806.591580804
2012-12-13,2088575.6719799673
2012-12-14,2103860.1279650526
2012-12-17,2146323.686304277
2012-12-18,2169938.721177704
2012-12-19,2147042.5258115167
2012-12-20,2160945.554867675
2012-12-21,2131813.1812219527
2012-12-24,2132338.387034618
2012-12-26,2114558.222310306
2012-12-27,2126574.7117999736
2012-12-28,2096663.607713968
2012-12-31,2150497.282369002
2013-01-02,2217324.5721179214
2013-01-03,2197438.484901543
2013-01-04,2206985.3159904913
2013-01-07,2196377.3165428527
2013-01-08,2195692.912228781
2013-01-09,2187675.7582871136
2013-01-10,2221619.6917438824
2013-01-11,2214949.426525983
2013-01-14,2214559.777559077
2013-01-15,2241419.3784455704
2013-01-16,2260901.2457402395
2013-01-17,2276442.2210090146
2013-01-18,2261939.528995494
2013-01-22,2280662.9870339497
2013-01-23,2298118.842562004
2013-01-24,2326046.034290511
2013-01-25,2358584.6929614916
2013-01-28,2351832.1925326
2013-01-29,2388306.40470048
2013-01-30,2386931.81461321
2013-01-31,2349736.818933566
2013-02-01,2356436.8184679975
2013-02-04,2335397.815401223
2013-02-05,2354482.6558991577
2013-02-06,2355063.2678223364
2013-02-07,2360031.2761013554
2013-02-08,2377446.639088302
2013-02-11,2363833.1579418057
2013-02-12,2391689.7607331756
2013-02-13,2426630.6498427833
2013-02-14,2437631.8055019234
2013-02-15,2417484.2792728334
2013-02-19,2441759.046443376
2013-02-20,2339574.1142633543
2013-02-21,2334626.8730708817
2013-02-22,2361583.9038361744
2013-02-25,2290570.7221888024
2013-02-26,2329129.3526801034
2013-02-27,2374391.263167322
2013-02-28,2386561.5462392503
2013-03-01,2410757.246573159
2013-03-04,2459774.472373927
2013-03-05,2485876.7833567774
2013-03-06,2474453.97855448
2013-03-07,2467819.0952822105
2013-03-08,2520423.8539255722
2013-03-11,2506502.212057754
2013-03-12,2524223.928905118
2013-03-13,2507756.121976609
2013-03-14,2528553.644602071
2013-03-15,2512699.4942597905
2013-03-18,2526507.8276528716
2013-03-19,2520106.0599176036
2013-03-20,2556442.180732567
2013-03-21,2535169.997463541
2013-03-22,2559997.2847569743
2013-03-25,2554759.4870628957
2013-03-26,2581792.265251343
2013-03-27,2602554.927355733
2013-03-28,2628073.316756367
2013-04-01,2602892.186555053
2013-04-02,2553985.638935543
2013-04-03,2476436.5451350077
2013-04-04,2484610.9062049817
2013-04-05,2478483.4407778736
2013-04-08,2496946.3960029464
2013-04-09,2506064.4507111004
2013-04-10,2510528.1357979407
2013-04-11,2517477.204712276
2013-04-12,2508167.29272283
2013-04-15,2402715.3947248156
2013-04-16,2462448.3053324614
2013-04-17,2423068.35012962
2013-04-18,2408465.2981404904
2013-04-19,2463740.3938097125
2013-04-22,2480332.2804049314
2013-04-23,2525009.289690519
2013-04-24,2522764.0457841037
2013-04-25,2523400.2615900068
2013-04-26,2536097.544514333
2013-04-29,2548509.5986633673
2013-04-30,2539691.9477554676
2013-05-01,2492317.2707561255
2013-05-02,2555813.599357193
2013-05-03,2621470.38745696
2013-05-06,2657592.7876739223
2013-05-07,2655359.2186557353
2013-05-08,2637481.5576222464
2013-05-09,2629655.980674773
2013-05-10,2631741.6950678
2013-05-13,2649009.1275014807
2013-05-14,2703295.9110663696
2013-05-15,2725186.6735902615
2013-05-16,2703395.877769155
2013-05-17,2773414.3969562966
2013-05-20,2791079.136485463
2013-05-21,2785695.1493337094
2013-05-22,2744365.1814469243
2013-05-23,2752252.2141957576
2013-05-24,2753829.589584655
2013-05-28,2803532.6302325693
2013-05-29,2794327.728007855
2013-05-30,2823766.8384462954
2013-05-31,2792057.6442433037
2013-06-03,2768777.9716112413
2013-06-04,2727707.218194009
2013-06-05,2682535.8881794126
2013-06-06,2745332.2919328464
2013-06-07,2795042.9714447455
2013-06-10,2808450.1798078916
2013-06-11,2779280.671670062
2013-06-12,2706499.7652773326
2013-06-13,2749982.856389206
2013-06-14,2736113.643844044
2013-06-17,2745411.1182093853
2013-06-18,2782440.6575087006
2013-06-19,2735320.544975469
2013-06-20,2653335.9565587677
2013-06-21,2648572.344622418
2013-06-24,2621884.23836624
2013-06-25,2667407.0607017917
2013-06-26,2729051.5548943984
2013-06-27,2760307.25464794
2013-06-28,2757545.221435368
2013-07-01,2811179.3732510014
2013-07-02,2776801.5792773827
2013-07-03,2761388.8834672817
2013-07-05,2798808.6894106464
2013-07-08,2798679.48152564
2013-07-09,2784224.042529555
2013-07-10,2768460.4943402037
2013-07-11,2807165.144655104
2013-07-12,2834143.2830471816
2013-07-15,2851684.1578510166
2013-07-16,2858095.4422390205
2013-07-17,2850215.7194002024
2013-07-18,2870790.639369064
2013-07-19,2860267.7102755364
2013-07-22,2892525.838602867
2013-07-23,2854363.3603613437
2013-07-24,2835605.681192557
2013-07-25,2875876.365810729
2013-07-26,2872939.842143119
2013-07-29,2865421.4869887335
2013-07-30,2895250.814462933
2013-07-31,2924546.5536925304
2013-08-01,2985109.39908365
2013-08-02,2998652.0259547187
2013-08-05,3006820.1358820875
2013-08-06,2978131.337777623
2013-08-07,2925790.1723676035
2013-08-08,2948983.9346178807
2013-08-09,2950271.584449454
2013-08-12,2938166.0245990655
2013-08-13,2964307.225393165
2013-08-14,2933555.5433047246
2013-08-15,2852400.4069029475
2013-08-16,2870042.565695997
2013-08-19,2831162.353090375
2013-08-20,2891144.7552610002
2013-08-21,2876838.083391454
2013-08-22,2916843.847297729
2013-08-23,2913879.8436727165
2013-08-26,2924115.374593151
2013-08-27,2818216.905304754
2013-08-28,2851588.6082308334
2013-08-29,2885423.191615275
2013-08-30,2861122.696431662
2013-09-03,2896535.467141793
2013-09-04,2929213.25350469
2013-09-05,2972196.977265965
2013-09-06,2960741.6335270246
2013-09-09,3013464.8114035632
2013-09-10,3039252.5095135374
2013-09-11,3048151.285484329
2013-09-12,3064154.097751383
2013-09-13,3075996.580385721
2013-09-16,3071135.1828093417
2013-09-17,3093022.1389407706
2013-09-18,3113097.551169769
2013-09-19,3115663.0166949052
2013-09-20,3098282.471373947
2013-09-23,3079068.8220552257
2013-09-24,3110681.370179856
2013-09-25,3118208.7388352607
2013-09-26,3148440.465290893
2013-09-27,3144451.1509429514
2013-09-30,3132630.584629356
2013-10-01,3188529.905145315
2013-10-02,3179849.222934683
2013-10-03,3155024.689793729
2013-10-04,3199714.11064073
2013-10-07,3138982.498080859
2013-10-08,3055685.090626048
2013-10-09,3070653.3906572694
2013-10-10,3162287.733236029
2013-10-11,3146686.5070159254
2013-10-14,3168516.040316235
2013-10-15,3147000.4925923524
2013-10-16,3216476.001105297
2013-10-17,3242176.364605399
2013-10-18,3262406.9051681873
2013-10-21,3228473.0702035665
2013-10-22,3275690.459947702
2013-10-23,3253060.7415753296
2013-10-24,3269358.626019863
2013-10-25,3273209.494680459
2013-10-28,3269224.058485021
2013-10-29,3288109.238054643
2013-10-30,3273694.77121336
2013-10-31,3281511.7936619064
2013-11-01,3306658.998760954
2013-11-04,3347880.051565105
2013-11-05,3376146.0134533024
2013-11-06,3320451.308646787
2013-11-07,3273257.4967440474
2013-11-08,3321535.334438327
2013-11-11,3344934.8860104736
2013-11-12,3358109.4611793403
2013-11-13,3375174.663450522
2013-11-14,3385898.5971961287
2013-11-15,3392580.7314186078
2013-11-18,3338588.822214947
2013-11-19,3299476.7804581188
2013-11-20,3292470.472236099
2013-11-21,3307025.8971563135
2013-11-22,3327288.3323220094
2013-11-25,3315055.8657000293
2013-11-26,3322793.8452972216
2013-11-27,3350574.8183580893
2013-11-29,3355734.3211014047
2013-12-02,3362867.6782828495
2013-12-03,3323095.5822170433
2013-12-04,3327233.050890051
2013-12-05,3298652.3580571003
2013-12-06,3323282.6351387245
2013-12-09,3351735.383002878
2013-12-10,3372001.6623253417
2013-12-11,3307388.58619512
2013-12-12,3325019.2856559926
2013-12-13,3355118.003531987
2013-12-16,3365727.1705716657
2013-12-17,3354353.589905971
2013-12-18,3371897.0180565044
2013-12-19,3372242.815049969
2013-12-20,3389946.2429012386
2013-12-23,3428384.4306377154
2013-12-24,3438253.9731720123
2013-12-26,3452491.279952104
2013-12-27,3388380.0565614305
2013-12-30,3374188.776933716
2013-12-31,3396597.5412001787
2014-01-02,3385536.812917727
2014-01-03,3419090.406804364
2014-01-06,3399881.6133811125
2014-01-07,3417552.155669857
2014-01-08,3482590.4012447414
2014-01-09,3497146.852060934
2014-01-10,3529059.0741241663
2014-01-13,3468621.1406864016
2014-01-14,3539018.0201788316
2014-01-15,3526706.9705376667
2014-01-16,3461374.1783593222
2014-01-17,3403704.8183049844
2014-01-21,3444906.652383058
2014-01-22,3497472.627404939
2014-01-23,3501824.974217151
2014-01-24,3417072.6997685614
2014-01-27,3365167.5397766144
2014-01-28,3432978.225244017
2014-01-29,3368010.899316362
2014-01-30,3506231.552052177
2014-01-31,3471837.435870269
2014-02-03,3383697.355724524
2014-02-04,3430296.5971659557
2014-02-05,3406277.6521970243
2014-02-06,3474464.6827080385
2014-02-07,3560178.890438113
2014-02-10,3540951.942363502
2014-02-11,3576560.3064047117
2014-02-12,3566115.2377895922
2014-02-13,3600379.494631158
2014-02-14,3600884.343639243
2014-02-18,3613612.4993910645
2014-02-19,3586703.223060939
2014-02-20,3649746.090825126
2014-02-21,3668136.249144334
2014-02-24,3719800.8311734144
2014-02-25,3740542.8831852926
2014-02-26,3738906.177207931
2014-02-27,3745046.9607111653
2014-02-28,3729939.718283027
2014-03-03,3714808.8664449523
2014-03-04,3806049.5583341694
2014-03-05,3824567.4130602563
2014-03-06,3834928.681827369
2014-03-07,3812931.182123958
2014-03-10,3826600.8721374986
2014-03-11,3809738.585509581
2014-03-12,3820457.832462701
2014-03-13,3740979.297788645
2014-03-14,3741279.997363464
2014-03-17,3770673.8616625476
2014-03-18,3804089.9997498533
2014-03-19,3757172.86869762
2014-03-20,3759129.427012085
2014-03-21,3685850.1022009635
2014-03-24,3635751.333561042
2014-03-25,3642219.2654795065
2014-03-26,3579711.031698546
2014-03-27,3590858.5259200186
2014-03-28,3563983.916821114
2014-03-31,3650556.3585777627
2014-04-01,3699575.4064423256
2014-04-02,3683575.262182472
2014-04-03,3631410.65904127
2014-04-04,3545324.3659855444
2014-04-07,3483595.332851939
2014-04-08,3541062.522853293
2014-04-09,3627256.9985890742
2014-04-10,3490629.3426784403
2014-04-11,3468121.677097244
2014-04-14,3489921.30263051
2014-04-15,3500564.8565581283
2014-04-16,3561856.7815344427
2014-04-17,3595433.9853498796
2014-04-21,3643003.466369491
2014-04-22,3718978.9886940285
2014-04-23,3724542.9526655274
2014-04-24,3666992.882720545
2014-04-25,3592267.3652223754
2014-04-28,3542169.5511742625
2014-04-29,3593839.4864853327
2014-04-30,3642815.723722382
2014-05-01,3641856.531015506
2014-05-02,3663489.003420929
2014-05-05,3616952.3341705315
2014-05-06,3607358.6223101728
2014-05-07,3628044.95119892
2014-05-08,3612977.823762598
2014-05-09,3592872.9102040846
2014-05-12,3671538.7291180952
2014-05-13,3677887.3819709686
2014-05-14,3658841.3140989523
2014-05-15,3601368.459912693
2014-05-16,3601144.1687911684
2014-05-19,3650083.4470899883
2014-05-20,3608106.543764174
2014-05-21,3616897.0249723443
2014-05-22,3639008.9343099007
2014-05-23,3677030.627424088
2014-05-27,3718793.283231099
2014-05-28,3757699.5406093374
2014-05-29,3806562.7635412435
2014-05-30,3794699.1078642975
2014-06-02,3827473.4548966656
2014-06-03,3822863.018907914
2014-06-04,3847033.381143706
2014-06-05,3851846.7352500837
2014-06-06,3876611.7812711205
2014-06-09,3855302.163803114
2014-06-10,3841445.4340531575
2014-06-11,3830935.150442363
2014-06-12,3764599.2340984005
2014-06-13,3818867.3555411035
2014-06-16,3801316.6838265746
2014-06-17,3839520.152962666
2014-06-18,3861909.795207048
2014-06-19,3867804.8262917167
2014-06-20,3894267.365015042
2014-06-23,3866256.0288500343
2014-06-24,3819189.546069603
2014-06-25,3874563.169515525
2014-06-26,3915857.2189380247
2014-06-27,3922502.291513564
2014-06-30,3933174.4089680375
2014-07-01,3992034.590295505
2014-07-02,3965692.995848784
2014-07-03,3980370.7484000977
2014-07-07,3898888.0036761826
2014-07-08,3878844.191957547
2014-07-09,3934601.53737835
2014-07-10,3919345.6849831534
2014-07-11,3931739.2962993067
2014-07-14,3961551.469268141
2014-07-15,3954363.0832784344
2014-07-16,4004861.71704327
2014-07-17,3923373.039889529
2014-07-18,3972328.5754683176
2014-07-21,3977739.3662398863
2014-07-22,4024183.9830029225
2014-07-23,4058155.040461894
2014-07-24,4059381.6852351096
2014-07-25,4034226.1508568497
2014-07-28,4034631.150997484
2014-07-29,4003423.644955222
2014-07-30,3990118.092909604
2014-07-31,3873131.1262704185
2014-08-01,3877293.739328635
2014-08-04,3925111.3569346922
2014-08-05,3842995.187178186
2014-08-06,3842536.0968477116
2014-08-07,3788123.204548057
2014-08-08,3841100.55248569
2014-08-11,3872679.332491342
2014-08-12,3860871.392595005
2014-08-13,3907300.5904675527
2014-08-14,3885570.321803406
2014-08-15,3916633.651822268
2014-08-18,3965154.0549987094
2014-08-19,3976612.3195030987
2014-08-20,4020343.2323601753
2014-08-21,3988642.3678564364
2014-08-22,3997809.693570124
2014-08-25,4019938.020183527
2014-08-26,4040713.5256680045
2014-08-27,4043499.9774729055
2014-08-28,4020673.3242027643
2014-08-29,4075121.5217226413
2014-09-02,4091927.0396970087
2014-09-03,4102748.2391755925
2014-09-04,4121018.382987272
2014-09-05,4158612.349479409
2014-09-08,4155957.1367524024
2014-09-09,4127049.0591224716
2014-09-10,4144043.103150469
2014-09-11,4148951.124215723
2014-09-12,4103234.6132244673
2014-09-15,4075515.9310156
2014-09-16,4123202.541160571
2014-09-17,4150471.0372495796
2014-09-18,4200104.6566254115
2014-09-19,4167451.326371403
2014-09-22,4103805.673660835
2014-09-23,4073627.661850004
2014-09-24,4140829.8461076617
2014-09-25,4071614.7396757505
2014-09-26,4149512.510424325
2014-09-29,4147499.7308362513
2014-09-30,4110092.244309193
2014-10-01,4015890.323077247
2014-10-02,3980344.1615068503
2014-10-03,4050333.4678030675
2014-10-06,4013540.5517556006
2014-10-07,3946353.935117401
2014-10-08,4018058.021531896
2014-10-09,3873534.270013066
2014-10-10,3734045.103851916
2014-10-13,3636167.801101472
2014-10-14,3657776.159062063
2014-10-15,3654209.947591366
2014-10-16,3718875.7040324244
2014-10-17,3808643.4669360993
2014-10-20,3886405.068784553
2014-10-21,4045735.9212645087
2014-10-22,3980158.336896389
2014-10-23,3993513.082010828
2014-10-24,4044820.247977322
2014-10-27,4064680.905620374
2014-10-28,4115665.161562474
2014-10-29,4099347.5324155195
2014-10-30,4067419.1334959865
2014-10-31,4149273.948882296
2014-11-03,4169978.9678230137
2014-11-04,4183990.406101612
2014-11-05,4177081.257510755
2014-11-06,4253917.60131435
2014-11-07,4274130.714545909
2014-11-10,4319675.123307104
2014-11-11,4330699.391798796
2014-11-12,4327605.300376795
2014-11-13,4302647.702792098
2014-11-14,4257072.541272877
2014-11-17,4282704.431620021
2014-11-18,4317632.289591179
2014-11-19,4304719.619997974
2014-11-20,4301466.786855159
2014-11-21,4257754.20037312
2014-11-24,4287937.45705211
2014-11-25,4302631.942465827
2014-11-26,4349529.716460194
2014-11-28,4426155.733126109
2014-12-01,4383811.852197759
2014-12-02,4410017.306415641
2014-12-03,4404330.554998412
2014-12-04,4414147.127466911
2014-12-05,4429000.62832453
2014-12-08,4435333.798352023
2014-12-09,4418036.677639699
2014-12-10,4364450.400722489
2014-12-11,4410083.288679984
2014-12-12,4345651.30177728
2014-12-15,4313537.398058503
2014-12-16,4263592.432761635
2014-12-17,4361802.785648357
2014-12-18,4475509.398483169
2014-12-19,4454386.011568676
2014-12-22,4449677.588066757
2014-12-23,4408698.489935372
2014-12-24,4437362.637516334
2014-12-26,4457622.174194669
2014-12-29,4462321.646901815
2014-12-30,4429205.328164217
2014-12-31,4390228.751780571
2015-01-02,4393419.357439417
2015-01-05,4337497.701064947
2015-01-06,4291968.457154523
2015-01-07,4400442.7770024715
2015-01-08,4476472.9247496305
2015-01-09,4421631.104930721
2015-01-12,4375851.890320795
2015-01-13,4369753.689226191
2015-01-14,4342670.763037766
2015-01-15,4272687.13388477
2015-01-16,4374243.851964693
2015-01-20,4396658.983218079
2015-01-21,4423393.494923479
2015-01-22,4530973.568600003
2015-01-23,4535699.951018756
2015-01-26,4552079.975779775
2015-01-27,4516588.868603902
2015-01-28,4468575.567938995
2015-01-29,4484342.347539096
2015-01-30,4343031.70845921
2015-02-02,4348478.056617269
2015-02-03,4382352.759236855
2015-02-04,4474378.074826925
2015-02-05,4519185.515630096
2015-02-06,4510875.954923652
2015-02-09,4422451.747071331
2015-02-10,4492030.615639711
2015-02-11,4504816.556622169
2015-02-12,4554328.3578274585
2015-02-13,4540221.937162445
2015-02-17,4525073.18861089
2015-02-18,4551625.734922695
2015-02-19,4539079.278276051
2015-02-20,4537843.528960856
2015-02-23,4550574.04550267
2015-02-24,4573456.860113437
2015-02-25,4561638.9894307135
2015-02-26,4606632.537709035
2015-02-27,4624994.865281549
2015-03-02,4656973.960536188
2015-03-03,4630200.812052388
2015-03-04,4605126.888641725
2015-03-05,4656867.213995423
2015-03-06,4563845.149344014
2015-03-09,4595909.638049736
2015-03-10,4541076.8961549
2015-03-11,4535953.909364061
2015-03-12,4602359.403239075
2015-03-13,4568530.905332867
2015-03-16,4676249.964173225
2015-03-17,4647065.562713787
2015-03-18,4664547.3566732565
2015-03-19,4678418.441931636
2015-03-20,4694687.507343958
2015-03-23,4689571.949769797
2015-03-24,4679928.776361659
2015-03-25,4589956.3741112305
2015-03-26,4574970.323029921
2015-03-27,4618232.752661253
2015-03-30,4666688.010241657
2015-03-31,4633623.046342178
2015-04-01,4590330.217457975
2015-04-02,4569358.6077768635
2015-04-06,4561810.504236341
2015-04-07,4549203.082003402
2015-04-08,4601734.145768799
2015-04-09,4606836.963525744
2015-04-10,4633272.1847807495
2015-04-13,4585617.591312502
2015-04-14,4552001.68402973
2015-04-15,4541624.153375119
2015-04-16,4538473.27683439
2015-04-17,4463498.294869188
2015-04-20,4493022.865223278
2015-04-21,4530494.245982914
2015-04-22,4539382.894460526
2015-04-23,4544478.040620207
2015-04-24,4538382.621793667
2015-04-27,4486206.056180406
2015-04-28,4450110.586037671
2015-04-29,4388962.264323159
2015-04-30,4370929.361893353
2015-05-01,4459624.875342673
2015-05-04,4463791.84797216
2015-05-05,4406918.620275466
2015-05-06,4417847.214318411
2015-05-07,4446559.674869067
2015-05-08,4461162.764293403
2015-05-11,4455642.956471545
2015-05-12,4449767.489416093
2015-05-13,4434418.978593203
2015-05-14,4500218.64966573
2015-05-15,4501223.665158012
2015-05-18,4537101.542907015
2015-05-19,4549399.579283831
2015-05-20,4542756.671358158
2015-05-21,4536665.77503018
2015-05-22,4549738.489875512
2015-05-26,4506933.820733854
2015-05-27,4574682.588311462
2015-05-28,4578225.455172531
2015-05-29,4590991.487933025
2015-06-01,4619165.898212104
2015-06-02,4569151.854870623
2015-06-03,4543759.130651681
2015-06-04,4523818.494561235
2015-06-05,4541826.65033557
2015-06-08,4495625.157204566
2015-06-09,4502413.88936356
2015-06-10,4532150.316474769
2015-06-11,4527741.620492933
2015-06-12,4490314.868159681
2015-06-15,4584415.7695732815
2015-06-16,4624523.613209352
2015-06-17,4619850.262791195
2015-06-18,4670452.357859459
2015-06-19,4654665.078293299
2015-06-22,4703547.630303674
2015-06-23,4709703.038005454
2015-06-24,4686856.276118795
2015-06-25,4770352.827428791
2015-06-26,4718501.563256089
2015-06-29,4624393.646848635
2015-06-30,4623370.530654859
2015-07-01,4643497.542509843
2015-07-02,4627622.87843488
2015-07-06,4563069.749172022
2015-07-07,4526505.553562844
2015-07-08,4457643.618204969
2015-07-09,4456978.093911019
2015-07-10,4544738.09266566
2015-07-13,4542698.738104975
2015-07-14,4593580.41463787
2015-07-15,4576449.705556492
2015-07-16,4667217.281787234
2015-07-17,4665913.810315975
2015-07-20,4678748.414434833
2015-07-21,4662268.968261568
2015-07-22,4629487.847986389
2015-07-23,4642631.807807573
2015-07-24,4538903.392929344
2015-07-27,4505753.646567759
2015-07-28,4563603.116048793
2015-07-29,4567698.05613932
2015-07-30,4584943.2458544625
2015-07-31,4568751.320415976
2015-08-03,4554641.492800211
2015-08-04,4586238.894250418
2015-08-05,4637472.184940136
2015-08-06,4551317.780362139
2015-08-07,4557509.229946046
2015-08-10,4594436.51193735
2015-08-11,4552991.4622250805
2015-08-12,4562219.483249241
2015-08-13,4596903.0886394605
2015-08-14,4611602.668580238
2015-08-17,4664452.386355335
2015-08-18,4629654.685378847
2015-08-19,4605431.725810229
2015-08-20,4439048.626973437
2015-08-21,4293165.283776247
2015-08-24,4116410.3460116093
2015-08-25,4114911.057611028
2015-08-26,4323197.385282879
2015-08-27,4457499.481970843
2015-08-28,4452980.758821514
2015-08-31,4381371.820283806
2015-09-01,4378742.997191635
2015-09-02,4378742.997191635
2015-09-03,4378742.997191635
2015-09-04,4378742.997191635
2015-09-08,4378742.997191635
2015-09-09,4378742.997191635
2015-09-10,4378742.997191635
2015-09-11,4378742.997191635
2015-09-14,4378742.997191635
2015-09-15,4378742.997191635
2015-09-16,4378742.997191635
2015-09-17,4378742.997191635
2015-09-18,4378742.997191635
2015-09-21,4378742.997191635
2015-09-22,4378742.997191635
2015-09-23,4378742.997191635
2015-09-24,4378742.997191635
2015-09-25,4378742.997191635
2015-09-28,4378742.997191635
2015-09-29,4378742.997191635
2015-09-30,4378742.997191635
2015-10-01,4378742.997191635
2015-10-02,4378742.997191635
2015-10-05,4378742.997191635
2015-10-06,4378742.997191635
2015-10-07,4378742.997191635
2015-10-08,4378742.997191635
2015-10-09,4378742.997191635
2015-10-12,4378742.997191635
2015-10-13,4378742.997191635
2015-10-14,4378742.997191635
2015-10-15,4378742.997191635
2015-10-16,4378742.997191635
2015-10-19,4378742.997191635
2015-10-20,4378742.997191635
2015-10-21,4378742.997191635
2015-10-22,4378742.997191635
2015-10-23,4378742.997191635
2015-10-26,4378742.997191635
2015-10-27,4378742.997191635
2015-10-28,4378742.997191635
2015-10-29,4378742.997191635
2015-10-30,4378742.997191635
2015-11-02,4389389.992051451
2015-11-03,4390816.153117483
2015-11-04,4406974.480332366
2015-11-05,4449908.005051281
2015-11-06,4430013.795776015
2015-11-09,4359363.002482383
2015-11-10,4397740.233516177
2015-11-11,4379669.948192587
2015-11-12,4257054.715094065
2015-11-13,4141740.9856407074
2015-11-16,4201235.239656999
2015-11-17,4178960.5126280077
2015-11-18,4255113.6620521005
2015-11-19,4261809.683070557
2015-11-20,4316063.727531221
2015-11-23,4336322.731222823
2015-11-24,4298177.407036083
2015-11-25,4324376.129907419
2015-11-27,4316372.034369426
2015-11-30,4255528.819794168
2015-12-01,4327030.609073403
2015-12-02,4294008.345515448
2015-12-03,4246924.173202008
2015-12-04,4335666.052413896
2015-12-07,4305853.307588172
2015-12-08,4328488.833469613
2015-12-09,4250127.189720573
2015-12-10,4248007.746031788
2015-12-11,4148066.125381472
2015-12-14,4197718.230476298
2015-12-15,4198901.64471671
2015-12-16,4277498.282290274
2015-12-17,4244128.610968639
2015-12-18,4178533.566039013
2015-12-21,4209433.530607721
2015-12-22,4227905.086706584
2015-12-23,4227070.659707728
2015-12-24,4214834.0956328
2015-12-28,4240739.935968942
2015-12-29,4296403.855910282
2015-12-30,4266949.875011083
2015-12-31,4218700.8198872525
2016-01-04,4216169.59939532
2016-01-05,4216169.59939532
2016-01-06,4216169.59939532
2016-01-07,4216169.59939532
2016-01-08,4216169.59939532
2016-01-11,4216169.59939532
2016-01-12,4216169.59939532
2016-01-13,4216169.59939532
2016-01-14,4216169.59939532
2016-01-15,4216169.59939532
2016-01-19,4216169.59939532
2016-01-20,4216169.59939532
2016-01-21,4216169.59939532
2016-01-22,4216169.59939532
2016-01-25,4216169.59939532
2016-01-26,4216169.59939532
2016-01-27,4216169.59939532
2016-01-28,4216169.59939532
2016-01-29,4216169.59939532
2016-02-01,4200735.120455571
2016-02-02,4278665.854814088
2016-02-03,4243182.281509587
2016-02-04,4263742.955490145
2016-02-05,4268715.777592449
2016-02-08,4360577.779465714
2016-02-09,4365221.535303963
2016-02-10,4403690.234075349
2016-02-11,4434529.710540291
2016-02-12,4360909.914741559
2016-02-16,4314812.67566635
2016-02-17,4288283.4557585735
2016-02-18,4341011.465304832
2016-02-19,4344659.156316857
2016-02-22,4342336.255393803
2016-02-23,4359916.577925814
2016-02-24,4351289.244785287
2016-02-25,4366877.77866616
2016-02-26,4324764.798895849
2016-02-29,4343663.432491943
2016-03-01,4286887.779909149
2016-03-02,4312296.429286896
2016-03-03,4357397.712557714
2016-03-04,4339997.790047525
2016-03-07,4350124.437411212
2016-03-08,4364094.939740985
2016-03-09,4332735.511754103
2016-03-10,4358632.463208846
2016-03-11,4299123.9528947715
2016-03-14,4278152.676408711
2016-03-15,4281794.838158308
2016-03-16,4335889.407811757
2016-03-17,4336578.610232671
2016-03-18,4335168.284675806
2016-03-21,4303342.1311065275
2016-03-22,4309168.321103729
2016-03-23,4284810.369549085
2016-03-24,4280492.894887263
2016-03-28,4288269.188799198
2016-03-29,4350469.558727126
2016-03-30,4297163.18158148
2016-03-31,4322312.1193569945
2016-04-01,4353047.659863044
2016-04-04,4336820.122258987
2016-04-05,4287146.677554476
2016-04-06,4311973.675834098
2016-04-07,4282435.242113104
2016-04-08,4294866.453958623
2016-04-11,4292476.193734602
2016-04-12,4312025.668688139
2016-04-13,4264405.075578146
2016-04-14,4218407.2621749
2016-04-15,4243368.161097736
2016-04-18,4267520.78013284
2016-04-19,4264418.362844582
2016-04-20,4197517.230967479
2016-04-21,4102306.9038825957
2016-04-22,4117413.7365689455
2016-04-25,4135747.4466493865
2016-04-26,4145064.333640431
2016-04-27,4157698.247539272
2016-04-28,4132528.328727625
2016-04-29,4127311.0309115383
2016-05-02,4174144.1076938254
2016-05-03,4157349.4966526255
2016-05-04,4173711.556399618
2016-05-05,4160848.56697787
2016-05-06,4209171.644176839
2016-05-09,4246494.2626019055
2016-05-10,4271282.720397924
2016-05-11,4236799.567040339
2016-05-12,4261655.249209288
2016-05-13,4242538.671003543
2016-05-16,4266172.096667456
2016-05-17,4183019.258511069
2016-05-18,4080691.484485795
2016-05-19,4084521.5778305153
2016-05-20,4060496.087439625
2016-05-23,4059871.8449639976
2016-05-24,4087877.178494544
2016-05-25,4076459.7758433013
2016-05-26,4096748.6281465003
2016-05-27,4102034.800890276
2016-05-31,4077833.8448022064
2016-06-01,4095014.04189706
2016-06-02,4100704.8536232254
2016-06-03,4133854.0442017997
2016-06-06,4115413.845186072
2016-06-07,4130929.6396626662
2016-06-08,4137060.7303708517
2016-06-09,4174491.2756774575
2016-06-10,4130436.0119929463
2016-06-13,4100643.6551289894
2016-06-14,4110419.0387146967
2016-06-15,4108862.999432755
2016-06-16,4141257.129534248
2016-06-17,4114996.828340606
2016-06-20,4136977.275603731
2016-06-21,4153662.248823925
2016-06-22,4157024.6090275147
2016-06-23,4194957.299721401
2016-06-24,4123419.020431608
2016-06-27,4110702.0578025887
2016-06-28,4164461.6479506036
2016-06-29,4228176.118219553
2016-06-30,4301244.744614157
2016-07-01,4298180.896621722
2016-07-05,4315302.138633398
2016-07-06,4339283.542127283
2016-07-07,4283382.111348497
2016-07-08,4332956.131181012
2016-07-11,4335677.702046834
2016-07-12,4335421.352718852
2016-07-13,4334631.304228304
2016-07-14,4324307.611909421
2016-07-15,4317625.090168125
2016-07-18,4319836.720895145
2016-07-19,4317368.054009117
2016-07-20,4298980.168828433
2016-07-21,4263864.6693763165
2016-07-22,4332188.275443046
2016-07-25,4318660.009630217
2016-07-26,4326810.85529395
2016-07-27,4306211.066235391
2016-07-28,4353502.19387921
2016-07-29,4329579.8645824585
2016-08-01,4313347.96296499
2016-08-02,4288330.642972122
2016-08-03,4278728.335209189
2016-08-04,4238568.362634438
2016-08-05,4210090.333363243
2016-08-08,4192800.141065113
2016-08-09,4202179.893797679
2016-08-10,4204731.706194318
2016-08-11,4215239.850944502
2016-08-12,4233874.255366361
2016-08-15,4222909.163598838
2016-08-16,4178822.5090956856
2016-08-17,4197253.362756616
2016-08-18,4238200.053584749
2016-08-19,4250045.062875551
2016-08-22,4247753.941265178
2016-08-23,4257638.402265354
2016-08-24,4208050.532408626
2016-08-25,4202564.440584726
2016-08-26,4150630.62114325
2016-08-29,4183980.0942478944
2016-08-30,4123865.2734674104
2016-08-31,4105614.833973377
2016-09-01,4137306.462871327
2016-09-02,4157483.41384095
2016-09-06,4215644.012095485
2016-09-07,4214698.262006317
2016-09-08,4195026.325976749
2016-09-09,4047378.645556625
2016-09-12,4103204.031631506
2016-09-13,4023338.3234460354
2016-09-14,4008515.0137189175
2016-09-15,4056954.3797509167
2016-09-16,4039715.757392864
2016-09-19,4067435.203291999
2016-09-20,4053041.2877423824
2016-09-21,4151036.259319651
2016-09-22,4168675.4036788717
2016-09-23,4137314.020275536
2016-09-26,4136871.624120619
2016-09-27,4170138.0224937005
2016-09-28,4203887.18894578
2016-09-29,4149931.7613560706
2016-09-30,4189572.800481141
2016-10-03,4162953.4252478657
2016-10-04,4095550.962414289
2016-10-05,4120470.3700337335
2016-10-06,4111884.1722808457
2016-10-07,4075444.6479793186
2016-10-10,4081563.2208294175
2016-10-11,4013118.8740032036
2016-10-12,4013942.5269951806
2016-10-13,3967245.645455181
2016-10-14,3965222.7739987667
2016-10-17,3951356.6740296604
2016-10-18,3980807.5593467993
2016-10-19,4019928.5260158014
2016-10-20,4014142.545298484
2016-10-21,3992795.4539985764
2016-10-24,4031038.501684173
2016-10-25,4015623.951130336
2016-10-26,4008931.488872956
2016-10-27,3992820.3095074473
2016-10-28,3988225.5186954048
2016-10-31,4008282.1481590066
2016-11-01,3984155.3152270536
2016-11-02,3924289.128010643
2016-11-03,3932656.960204299
2016-11-04,3874855.049403893
2016-11-07,4010793.139028742
2016-11-08,4015308.7626636233
2016-11-09,4008508.544500154
2016-11-10,3985002.9128297013
2016-11-11,3994577.9743836788
2016-11-14,3988356.298084652
2016-11-15,4048974.6911995285
2016-11-16,4050129.6863474506
2016-11-17,4109290.7994889496
2016-11-18,4109348.993239713
2016-11-21,4170193.1495270487
2016-11-22,4196657.397240116
2016-11-23,4194482.350648229
2016-11-25,4198483.659417058
2016-11-28,4189637.638050385
2016-11-29,4199055.32383783
2016-11-30,4240052.6323037585
2016-12-01,4104928.341942078
2016-12-02,4162903.293728683
2016-12-05,4203427.396368031
2016-12-06,4223190.477811657
2016-12-07,4332496.508840814
2016-12-08,4348605.549112838
2016-12-09,4343259.751830518
2016-12-12,4306794.295864685
2016-12-13,4333089.996212701
2016-12-14,4307888.81142006
2016-12-15,4346702.596949089
2016-12-16,4286363.725429413
2016-12-19,4294431.674252868
2016-12-20,4317564.315524011
2016-12-21,4306972.535389101
2016-12-22,4334085.748502074
2016-12-23,4342174.659308406
2016-12-27,4366171.245749706
2016-12-28,4287013.247589686
2016-12-29,4269509.919212344
2016-12-30,4233872.924514924
2017-01-03,4282446.021114808
2017-01-04,4335993.597248506
2017-01-05,4292097.1440846175
2017-01-06,4309783.413751677
2017-01-09,4264510.864920403
2017-01-10,4310119.031174735
2017-01-11,4347826.7115008505
2017-01-12,4288830.520571142
2017-01-13,4325255.297032211
2017-01-17,4178970.6819745307
2017-01-18,4249221.215203997
2017-01-19,4218012.148964585
2017-01-20,4255507.686164954
2017-01-23,4236331.487280386
2017-01-24,4357850.649570806
2017-01-25,4421069.790733635
2017-01-26,4418978.023410218
2017-01-27,4399821.310544342
2017-01-30,4353994.578893227
2017-01-31,4340182.067100022
2017-02-01,4369855.9323163945
2017-02-02,4350917.19109411
2017-02-03,4394971.482081323
2017-02-06,4367081.757778575
2017-02-07,4355678.903783243
2017-02-08,4300350.284355175
2017-02-09,4368608.849433966
2017-02-10,4382455.473775837
2017-02-13,4412893.797862084
2017-02-14,4435153.5413188925
2017-02-15,4429731.72517741
2017-02-16,4408432.907745128
2017-02-17,4379544.969432015
2017-02-21,4397802.25887659
2017-02-22,4358787.635433771
2017-02-23,4336763.919170077
2017-02-24,4303694.683376937
2017-02-27,4352700.9343283195
2017-02-28,4355719.635335649
2017-03-01,4503752.952009687
2017-03-02,4399195.345727992
2017-03-03,4450544.834464457
2017-03-06,4424427.5025227405
2017-03-07,4400547.1813214915
2017-03-08,4387338.458652818
2017-03-09,4368898.43647916
2017-03-10,4395603.521011339
2017-03-13,4413431.782879321
2017-03-14,4393844.366857669
2017-03-15,4406866.57313745
2017-03-16,4407618.417546857
2017-03-17,4364442.053471187
2017-03-20,4332500.390529116
2017-03-21,4124947.3508185046
2017-03-22,4146391.0071418844
2017-03-23,4165085.1091215806
2017-03-24,4200829.105898525
2017-03-27,4187470.3759912294
2017-03-28,4257432.2501604175
2017-03-29,4247167.162627096
2017-03-30,4319618.811110263
2017-03-31,4280861.26753059
2017-04-03,4290077.413774731
2017-04-04,4305404.2040053215
2017-04-05,4257100.100967464
2017-04-06,4294785.862175972
2017-04-07,4292219.412244841
2017-04-10,4266317.175171306
2017-04-11,4256796.687291391
2017-04-12,4202586.910374899
2017-04-13,4166981.4514874835
2017-04-17,4189466.245025778
2017-04-18,4148203.575297842
2017-04-19,4145795.682326095
2017-04-20,4181384.0563307195
2017-04-21,4140087.810621763
2017-04-24,4208265.499229315
2017-04-25,4237489.123479054
2017-04-26,4233496.227898539
2017-04-27,4222316.933853675
2017-04-28,4246724.903388342
2017-05-01,4281524.719949427
2017-05-02,4204689.086784761
2017-05-03,4191198.1223820434
2017-05-04,4183304.997130777
2017-05-05,4223485.128999963
2017-05-08,4179716.4641729374
2017-05-09,4207106.574899359
2017-05-10,4249065.48231562
2017-05-11,4266665.375186651
2017-05-12,4259228.942085037
2017-05-15,4282087.783289032
2017-05-16,4318658.991457558
2017-05-17,4168343.1993595054
2017-05-18,4239004.791509057
2017-05-19,4280878.207095701
2017-05-22,4326571.104284009
2017-05-23,4340982.61171371
2017-05-24,4385828.460812454
2017-05-25,4419596.114037892
2017-05-26,4436746.949423435
2017-05-30,4452951.530909569
2017-05-31,4437645.954431374
2017-06-01,4456515.356364401
2017-06-02,4487293.684471682
2017-06-05,4482105.010469596
2017-06-06,4506832.532754071
2017-06-07,4543137.557991563
2017-06-08,4582149.820154257
2017-06-09,4394298.698742156
2017-06-12,4358613.060321477
2017-06-13,4415541.748586308
2017-06-14,4357857.355095717
2017-06-15,4319528.296569741
2017-06-16,4301117.370922691
2017-06-19,4392060.506569848
2017-06-20,4373885.857635719
2017-06-21,4435001.901693154
2017-06-22,4426595.357684846
2017-06-23,4457416.393683751
2017-06-26,4430991.060482472
2017-06-27,4336109.328189799
2017-06-28,4416624.814772194
2017-06-29,4299201.747664923
2017-06-30,4263377.676323329
2017-07-03,4204285.799135908
2017-07-05,4275645.119171739
2017-07-06,4249454.058271932
2017-07-07,4303942.665923833
2017-07-10,4327544.0637291
2017-07-11,4366068.594391922
2017-07-12,4415692.489698435
2017-07-13,4403813.725249911
2017-07-14,4435924.1813377505
2017-07-17,4421712.218657162
2017-07-18,4460557.303562688
2017-07-19,4563557.832927893
2017-07-20,4544415.198621785
2017-07-21,4569298.210489947
2017-07-24,4591968.262861059
2017-07-25,4563854.123914925
2017-07-26,4566066.073218415
2017-07-27,4476097.943229611
2017-07-28,4461103.276340561
2017-07-31,4410185.822783273
2017-08-01,4434131.230029018
2017-08-02,4423877.655286221
2017-08-03,4402020.24049746
2017-08-04,4407203.412370658
2017-08-07,4475880.834895233
2017-08-08,4456891.212364244
2017-08-09,4458924.138365787
2017-08-10,4364699.086604312
2017-08-11,4397461.113425975
2017-08-14,4486232.435322109
2017-08-15,4508934.846474328
2017-08-16,4521057.676628346
2017-08-17,4423734.431733724
2017-08-18,4429668.4721034635
2017-08-21,4421569.8781728735
2017-08-22,4518826.126164071
2017-08-23,4501794.120238196
2017-08-24,4515369.200297973
2017-08-25,4486854.782104382
2017-08-28,4506080.907323909
2017-08-29,4479081.245645219
2017-08-30,4453612.461420857
2017-08-31,4479346.150010617
2017-09-01,4488704.114971914
2017-09-05,4420039.837347358
2017-09-06,4415718.738615012
2017-09-07,4453054.332447692
2017-09-08,4428979.715017609
2017-09-11,4521042.499816876
2017-09-12,4540549.4381221915
2017-09-13,4531775.488088781
2017-09-14,4542284.493902151
2017-09-15,4557487.729911576
2017-09-18,4617817.887049067
2017-09-19,4634230.511178352
2017-09-20,4616572.218906021
2017-09-21,4603303.209941107
2017-09-22,4605726.290359139
2017-09-25,4485143.358852196
2017-09-26,4501481.946067532
2017-09-27,4558805.690780146
2017-09-28,4583773.717614688
2017-09-29,4629139.168482188
2017-10-02,4646029.908945315
2017-10-03,4664563.066718221
2017-10-04,4663731.188479995
2017-10-05,4676060.303432495
2017-10-06,4685285.828987947
2017-10-09,4718012.798218286
2017-10-10,4728435.227986225
2017-10-11,4771700.664597046
2017-10-12,4789042.441881688
2017-10-13,4807362.453663373
2017-10-16,4822210.95444352
2017-10-17,4801935.132444461
2017-10-18,4831786.080514416
2017-10-19,4824397.315599538
2017-10-20,4901527.994914087
2017-10-23,4885580.030377382
2017-10-24,4900730.900038542
2017-10-25,4848125.479187833
2017-10-26,4872945.898957226
2017-10-27,4969707.448219241
2017-10-30,4977377.760352468
2017-10-31,5036407.299234064
2017-11-01,5014022.406782037
2017-11-02,5037183.13256472
2017-11-03,5103173.6411990905
2017-11-06,5135380.139021864
2017-11-07,5186684.096059933
2017-11-08,5200533.045540326
2017-11-09,5141079.1720744055
2017-11-10,5188518.285437927
2017-11-13,5228718.257764503
2017-11-14,5215228.756237825
2017-11-15,5182052.369883413
2017-11-16,5280247.0205459315
2017-11-17,5239256.771665065
2017-11-20,5277166.498510649
2017-11-21,5357392.007804571
2017-11-22,5311421.979100117
2017-11-24,5344637.907045128
2017-11-27,5303477.688946739
2017-11-28,5321779.744264015
2017-11-29,5127712.289464184
2017-11-30,5171083.308664652
2017-12-01,5110826.544985
2017-12-04,5028836.578761251
2017-12-05,5015125.431058721
2017-12-06,5038979.024233981
2017-12-07,5119129.599634736
2017-12-08,5157221.371363178
2017-12-11,5146926.844438446
2017-12-12,5129720.210867901
2017-12-13,5111019.809994594
2017-12-14,5115652.788762583
2017-12-15,5156331.646625694
2017-12-18,5226082.4611793235
2017-12-19,5189482.224427995
2017-12-20,5208069.962646498
2017-12-21,5178245.271417449
2017-12-22,5179212.011995823
2017-12-26,5183331.357965433
2017-12-27,5180307.625532407
2017-12-28,5190454.019431587
2017-12-29,5148584.85129765
2018-01-02,5198734.967875084
2018-01-03,5300505.3926000865
2018-01-04,5281708.796496981
2018-01-05,5357026.912861718
2018-01-08,5395146.46173309
2018-01-09,5392611.191830523
2018-01-10,5343231.993152305
2018-01-11,5444145.645000184
2018-01-12,5486578.153028051
2018-01-16,5422254.124469199
2018-01-17,5538423.852502999
2018-01-18,5476825.282253942
2018-01-19,5498946.59657146
2018-01-22,5541057.764036351
2018-01-23,5554983.654134649
2018-01-24,5528281.866161271
2018-01-25,5504872.361660952
2018-01-26,5551119.761659167
2018-01-29,5430477.470725256
2018-01-30,5375391.374584911
2018-01-31,5406591.509072011
2018-02-01,5342577.132388648
2018-02-02,5220280.251415712
2018-02-05,4990666.243444484
2018-02-06,5152843.026034436
2018-02-07,5159543.85727589
2018-02-08,4876468.893520727
2018-02-09,4987874.400149285
2018-02-12,5056911.972709366
2018-02-13,5099115.051220012
2018-02-14,5209480.268782837
2018-02-15,5290158.009159084
2018-02-16,5281732.69862067
2018-02-20,5294490.780427742
2018-02-21,5254724.110899925
2018-02-22,5322543.780022188
2018-02-23,5429080.78558228
2018-02-26,5483530.484691815
2018-02-27,5428225.335585493
2018-02-28,5358684.939489136
2018-03-01,5259261.2102208845
2018-03-02,5313220.864574531
2018-03-05,5384741.82729041
2018-03-06,5442309.673039833
2018-03-07,5427676.551741354
2018-03-08,5442213.628970433
2018-03-09,5547310.221242285
2018-03-12,5527479.453165311
2018-03-13,5520268.691244043
2018-03-14,5489576.699703955
2018-03-15,5448733.075456309
2018-03-16,5463053.0689867195
2018-03-19,5412494.922632162
2018-03-20,5493446.19789519
2018-03-21,5497907.359547174
2018-03-22,5302295.0840282375
2018-03-23,5188563.831956514
2018-03-26,5353954.920179475
2018-03-27,5168926.022851466
2018-03-28,5101404.36922679
2018-03-29,5221440.844935608
2018-04-02,5020445.362974474
2018-04-03,5105069.862709663
2018-04-04,5156878.896162031
2018-04-05,5194046.25196378
2018-04-06,5018363.378179491
2018-04-09,5044594.723789822
2018-04-10,5205830.904059891
2018-04-11,5180281.930310654
2018-04-12,5275315.737249857
2018-04-13,5230891.200515391
2018-04-16,5235061.682281339
2018-04-17,5361982.407055932
2018-04-18,5394713.298836836
2018-04-19,5269102.378488635
2018-04-20,5195955.643067702
2018-04-23,5136776.259886571
2018-04-24,5014813.570706239
2018-04-25,5037744.836018839
2018-04-26,5173086.354796234
2018-04-27,5174331.023348808
2018-04-30,5110315.816234815
2018-05-01,5063733.603026025
2018-05-02,5071922.001855237
2018-05-03,5024181.789957104
2018-05-04,5050156.454717522
2018-05-07,5064290.12665993
2018-05-08,5074459.482978912
2018-05-09,5138230.828589558
2018-05-10,5146676.815037109
2018-05-11,5140604.768473494
2018-05-14,5166399.052084676
2018-05-15,5209101.103369346
2018-05-16,5257727.653928699
2018-05-17,5255755.700140462
2018-05-18,5240230.640838551
2018-05-21,5297741.02254559
2018-05-22,5219025.622921558
2018-05-23,5275156.674258182
2018-05-24,5331248.928234328
2018-05-25,5305035.693609633
2018-05-29,5290878.0187991215
2018-05-30,5289530.122013188
2018-05-31,5226854.890453464
2018-06-01,5344536.909697787
2018-06-04,5304004.475451481
2018-06-05,5390533.367112393
2018-06-06,5394980.10212651
2018-06-07,5349635.657616328
2018-06-08,5365924.964384584
2018-06-11,5366254.090072606
2018-06-12,5366198.263819767
2018-06-13,5336847.881219043
2018-06-14,5355236.41655775
2018-06-15,5342548.019888218
2018-06-18,5377376.085381826
2018-06-19,5379527.8296699105
2018-06-20,5414717.559760179
2018-06-21,5332696.106818707
2018-06-22,5237222.552475764
2018-06-25,5102604.308002125
2018-06-26,5163586.1323239785
2018-06-27,5089267.4191941675
2018-06-28,5138044.577984864
2018-06-29,5140593.775248245
2018-07-02,5124540.268205799
2018-07-03,5075827.857858296
2018-07-05,5100413.519048568
2018-07-06,5145227.066436714
2018-07-09,5194855.246740075
2018-07-10,5190000.310264337
2018-07-11,5188784.579252991
2018-07-12,5250433.750839149
2018-07-13,5260357.797427124
2018-07-16,5245682.516006071
2018-07-17,5264359.710934011
2018-07-18,5350171.01423909
2018-07-19,5350054.884852992
2018-07-20,5330574.473619636
2018-07-23,5346682.186309229
2018-07-24,5299953.577069215
2018-07-25,5413946.433156421
2018-07-26,5401770.7932898505
2018-07-27,5323623.381352511
2018-07-30,5240953.415835285
2018-07-31,5280563.372958399
2018-08-01,5211367.836626312
2018-08-02,5269544.796867063
2018-08-03,5285668.37721376
2018-08-06,5336664.831189684
2018-08-07,5372139.79848364
2018-08-08,5406943.785733987
2018-08-09,5430287.0482815085
2018-08-10,5408362.711704211
2018-08-13,5375039.5174850095
2018-08-14,5473707.71645838
2018-08-15,5299063.259119139
2018-08-16,5297615.574949438
2018-08-17,5317500.4832018325
2018-08-20,5414883.6003963575
2018-08-21,5473217.611176727
2018-08-22,5492533.0592010515
2018-08-23,5510012.194835688
2018-08-24,5534553.086337854
2018-08-27,5560452.483717482
2018-08-28,5578855.054750573
2018-08-29,5593052.508853221
2018-08-30,5593917.618653715
2018-08-31,5603662.655464634
2018-09-04,5674152.054269916
2018-09-05,5547469.127233149
2018-09-06,5524630.291331559
2018-09-07,5474384.098136607
2018-09-10,5529841.995958086
2018-09-11,5601524.2700902345
2018-09-12,5622609.34826267
2018-09-13,5614297.484676292
2018-09-14,5638972.300804601
2018-09-17,5539988.365743704
2018-09-18,5598903.71630847
2018-09-19,5516056.733422096
2018-09-20,5549072.414372549
2018-09-21,5560638.2410769565
2018-09-24,5601623.355986853
2018-09-25,5619112.1321901735
2018-09-26,5616510.847945432
2018-09-27,5609485.224267335
2018-09-28,5589132.672713469
2018-10-01,5609784.112584524
2018-10-02,5524759.581216951
2018-10-03,5513737.945688056
2018-10-04,5408548.102101073
2018-10-05,5342376.770320739
2018-10-08,5288100.860638334
2018-10-09,5285986.480084175
2018-10-10,5026730.699915243
2018-10-11,4967551.2717924295
2018-10-12,5113757.518213998
2018-10-15,5069204.3927359525
2018-10-16,5147235.210516678
2018-10-17,5143991.562211135
2018-10-18,5065840.695892922
2018-10-19,4990579.294452359
2018-10-22,5031236.721418987
2018-10-23,4987377.249675638
2018-10-24,4765214.630026252
2018-10-25,4736746.691362583
2018-10-26,4630360.138730962
2018-10-29,4544523.901306942
2018-10-30,4641030.403628955
2018-10-31,4696697.263897408
2018-11-01,4693879.245539069
2018-11-02,4693879.245539069
2018-11-05,4693879.245539069
2018-11-06,4693879.245539069
2018-11-07,4693879.245539069
2018-11-08,4693879.245539069
2018-11-09,4693879.245539069
2018-11-12,4693879.245539069
2018-11-13,4693879.245539069
2018-11-14,4693879.245539069
2018-11-15,4693879.245539069
2018-11-16,4693879.245539069
2018-11-19,4693879.245539069
2018-11-20,4693879.245539069
2018-11-21,4693879.245539069
2018-11-23,4693879.245539069
2018-11-26,4693879.245539069
2018-11-27,4693879.245539069
2018-11-28,4693879.245539069
2018-11-29,4693879.245539069
2018-11-30,4693879.245539069
2018-12-03,4722958.30336295
2018-12-04,4625757.793743905
2018-12-06,4620650.03876357
2018-12-07,4478563.592341087
2018-12-10,4505223.254845538
2018-12-11,4510910.769905414
2018-12-12,4556553.1003823485
2018-12-13,4571910.840975186
2018-12-14,4462432.708438979
2018-12-17,4337257.198163278
2018-12-18,4331939.019293177
2018-12-19,4292905.154318403
2018-12-20,4214689.819892261
2018-12-21,4157117.7312786607
2018-12-24,4070389.561735395
2018-12-26,4227397.114323606
2018-12-27,4261105.304199106
2018-12-28,4266886.919993608
2018-12-31,4303038.600396896
2019-01-02,4310627.686636427
2019-01-03,4354694.229565023
2019-01-04,4311883.884236776
2019-01-07,4312984.798518304
2019-01-08,4301476.713326139
2019-01-09,4311914.82228712
2019-01-10,4285352.185338777
2019-01-11,4297414.824489102
2019-01-14,4294533.953291465
2019-01-15,4282999.656829914
2019-01-16,4291992.546674347
2019-01-17,4289719.9228129275
2019-01-18,4259331.041261742
2019-01-22,4281326.349568157
2019-01-23,4277440.835105993
2019-01-24,4288132.134799178
2019-01-25,4309205.1967866095
2019-01-28,4314601.070417446
2019-01-29,4337602.537477214
2019-01-30,4348411.270986007
2019-01-31,4368155.150249575
2019-02-01,4350586.472602207
2019-02-04,4331439.871654584
2019-02-05,4346923.144895009
2019-02-06,4333310.711901087
2019-02-07,4352897.701585009
2019-02-08,4370454.293262139
2019-02-11,4351150.043253984
2019-02-12,4350191.3661432965
2019-02-13,4333355.609489119
2019-02-14,4357820.056967243
2019-02-15,4374215.528687304
2019-02-19,4413071.373204372
2019-02-20,4402924.881440254
2019-02-21,4358357.055936599
2019-02-22,4379181.061012044
2019-02-25,4370430.142055321
2019-02-26,4384906.288117632
2019-02-27,4344528.994765647
2019-02-28,4324938.999113334
2019-03-01,4351057.047260035
2019-03-04,4336379.23971927
2019-03-05,4360662.781308148
2019-03-06,4338444.580439224
2019-03-07,4324485.085090004
2019-03-08,4334214.749789749
2019-03-11,4372151.104178684
2019-03-12,4414404.790059042
2019-03-13,4431779.978022127
2019-03-14,4432205.95508465
2019-03-15,4456382.003013451
2019-03-18,4447604.763788815
2019-03-19,4433949.408392341
2019-03-20,4458704.330975426
2019-03-21,4538650.988257435
2019-03-22,4501833.743332344
2019-03-25,4538382.402113653
2019-03-26,4574974.475241246
2019-03-27,4548843.38086373
2019-03-28,4559389.8206622545
2019-03-29,4554433.412612572
2019-04-01,4585522.640874913
2019-04-02,4588373.443687279
2019-04-03,4609291.091576877
2019-04-04,4577784.639062547
2019-04-05,4611419.944320166
2019-04-08,4610749.719266135
2019-04-09,4587848.235156982
2019-04-10,4618705.462090638
2019-04-11,4617847.2408544915
2019-04-12,4598035.380020472
2019-04-15,4617118.6466921065
2019-04-16,4569001.32288691
2019-04-17,4502160.978011155
2019-04-18,4516282.499168628
2019-04-22,4522491.404416757
2019-04-23,4585241.98047176
2019-04-24,4598393.059339027
2019-04-25,4543093.031156041
2019-04-26,4551495.0545434905
2019-04-29,4529701.584504441
2019-04-30,4540368.444373407
2019-05-01,4477091.5190905165
2019-05-02,4509862.35619729
2019-05-03,4541875.02668952
2019-05-06,4534333.110543044
2019-05-07,4448446.281645969
2019-05-08,4467897.38171252
2019-05-09,4448677.808914436
2019-05-10,4466198.092593178
2019-05-13,4328215.90324314
2019-05-14,4399664.950943429
2019-05-15,4403606.0543181645
2019-05-16,4452676.774447986
2019-05-17,4394711.823913733
2019-05-20,4265787.105028575
2019-05-21,4333317.168645566
2019-05-22,4329830.269305329
2019-05-23,4224048.687622284
2019-05-24,4229199.570112109
2019-05-28,4253949.292968318
2019-05-29,4211697.1209594
2019-05-30,4303741.066514686
2019-05-31,4218489.696169399
2019-06-03,4257978.580420789
2019-06-04,4234385.147740326
2019-06-05,4227832.626264051
2019-06-06,4241559.3871849505
2019-06-07,4271870.63754578
2019-06-10,4230505.961827564
2019-06-11,4229270.849002145
2019-06-12,4241870.827066404
2019-06-13,4262153.297745361
2019-06-14,4266842.275606227
2019-06-17,4269226.522074462
2019-06-18,4290726.5932879895
2019-06-19,4306801.328142985
2019-06-20,4366706.405232198
2019-06-21,4357205.533988434
2019-06-24,4405804.924250214
2019-06-25,4416902.2271004785
2019-06-26,4382527.625416333
2019-06-27,4395826.682051213
2019-06-28,4400295.023728008
2019-07-01,4444575.136964609
2019-07-02,4462010.3454527
2019-07-03,4497890.077543827
2019-07-05,4485603.573118985
2019-07-08,4460057.716738351
2019-07-09,4491565.897994824
2019-07-10,4492171.5610164935
2019-07-11,4488807.594096219
2019-07-12,4507896.121508102
2019-07-15,4519910.343709415
2019-07-16,4494702.392281433
2019-07-17,4478176.844781649
2019-07-18,4528447.152384081
2019-07-19,4467735.272932911
2019-07-22,4463177.046949942
2019-07-23,4495323.088632827
2019-07-24,4528248.666176521
2019-07-25,4515220.194133437
2019-07-26,4549679.555547795
2019-07-29,4549764.1085226955
2019-07-30,4512113.9457537
2019-07-31,4425106.751483043
2019-08-01,4426874.459322842
2019-08-02,4379293.5329842
2019-08-05,4238679.929464483
2019-08-06,4304224.786176243
2019-08-07,4345682.414769226
2019-08-08,4467764.453496587
2019-08-09,4477631.053805711
2019-08-12,4409694.696259145
2019-08-13,4497220.226663373
2019-08-14,4352455.720315046
2019-08-15,4396332.638787671
2019-08-16,4462625.292755752
2019-08-19,4493826.471858896
2019-08-20,4484488.749846182
2019-08-21,4547337.89906645
2019-08-22,4572575.524374952
2019-08-23,4452239.899099373
2019-08-26,4505101.25166673
2019-08-27,4529777.133724836
2019-08-28,4544465.24643263
2019-08-29,4604136.373763959
2019-08-30,4596481.806551557
2019-09-03,4595106.40878743
2019-09-04,4586777.518776598
2019-09-05,4564475.412079157
2019-09-06,4571135.450746109
2019-09-09,4426037.267548378
2019-09-10,4285861.565192744
2019-09-11,4293627.897690896
2019-09-12,4338693.408246675
2019-09-13,4288963.559762754
2019-09-16,4290708.632951896
2019-09-17,4405010.340555499
2019-09-18,4410961.745476232
2019-09-19,4401530.083104408
2019-09-20,4407855.24326549
2019-09-23,4411696.795569199
2019-09-24,4403877.230665152
2019-09-25,4370960.510508069
2019-09-26,4381488.906010227
2019-09-27,4315508.048833445
2019-09-30,4361511.561198389
2019-10-01,4305053.091215056
2019-10-02,4240751.533189582
2019-10-03,4286147.141996818
2019-10-04,4363902.920216815
2019-10-07,4339936.506110661
2019-10-08,4287996.723279744
2019-10-09,4343709.824275325
2019-10-10,4359726.943005991
2019-10-11,4370289.191027016
2019-10-14,4368987.601887469
2019-10-15,4361489.451879944
2019-10-16,4332892.784890749
2019-10-17,4359339.636810825
2019-10-18,4377789.771493409
2019-10-21,4377393.525636639
2019-10-22,4297690.088509715
2019-10-23,4247695.079027389
2019-10-24,4281375.216507459
2019-10-25,4241652.733787267
2019-10-28,4257384.202402196
2019-10-29,4257633.732904716
2019-10-30,4300994.387880376
2019-10-31,4285321.122238111
2019-11-01,4302733.959736912
2019-11-04,4260556.015437898
2019-11-05,4230187.107286244
2019-11-06,4252244.401812027
2019-11-07,4229431.135634514
2019-11-08,4227183.574927986
2019-11-11,4237877.861017484
2019-11-12,4238670.2110716365
2019-11-13,4292664.783874547
2019-11-14,4320062.583335801
2019-11-15,4365120.123133103
2019-11-18,4365483.502884752
2019-11-19,4346648.899111919
2019-11-20,4380420.550363642
2019-11-21,4324562.125612688
2019-11-22,4308947.53364529
2019-11-25,4356316.103929842
2019-11-26,4389729.740390417
2019-11-27,4404723.72504241
2019-11-29,4369333.343774199
2019-12-02,4291783.398719468
2019-12-03,4248111.085850588
2019-12-04,4295814.942506725
2019-12-05,4280130.606754082
2019-12-06,4313354.034619026
2019-12-09,4268646.041410645
2019-12-10,4276238.344718898
2019-12-11,4338803.669239411
2019-12-12,4436416.047953548
2019-12-13,4433546.223710944
2019-12-16,4456045.117004772
2019-12-17,4498041.929719519
2019-12-18,4476752.706497013
2019-12-19,4504928.295593864
2019-12-20,4545377.572683384
2019-12-23,4560254.312970378
2019-12-24,4572423.410176555
2019-12-26,4594352.6881533265
2019-12-27,4577868.451148031
2019-12-30,4552343.355504989
2019-12-31,4572381.148462852
2020-01-02,4629540.702114741
2020-01-03,4565561.855840117
2020-01-06,4527377.88932249
2020-01-07,4557464.859591283
2020-01-08,4587582.757822564
2020-01-09,4625254.144044342
2020-01-10,4608742.09697162
2020-01-13,4680779.170975165
2020-01-14,4675996.377312202
2020-01-15,4630521.033215438
2020-01-16,4704751.948971494
2020-01-17,4732093.853851061
2020-01-21,4705463.858387523
2020-01-22,4740027.059540927
2020-01-23,4787138.096203386
2020-01-24,4686739.285066688
2020-01-27,4558965.879078499
2020-01-28,4662990.906339452
2020-01-29,4618722.675890617
2020-01-30,4645262.0716427835
2020-01-31,4473369.214719805
2020-02-03,4525094.298900648
2020-02-04,4620404.472651044
2020-02-05,4614578.136894685
2020-02-06,4582593.08423843
2020-02-07,4543642.0761004975
2020-02-10,4617296.469208893
2020-02-11,4657052.391151035
2020-02-12,4718714.872725272
2020-02-13,4740661.989050827
2020-02-14,4755313.905520722
2020-02-18,4730805.318438527
2020-02-19,4822433.849684913
2020-02-20,4701542.510485016
2020-02-21,4572547.668473517
2020-02-24,4385001.626498137
2020-02-25,4235538.186738526
2020-02-26,4236875.542294145
2020-02-27,4044824.838056964
2020-02-28,4115808.2941876305
2020-03-02,4107101.425024299
2020-03-03,4203535.726722048
2020-03-04,4184905.429391524
2020-03-05,4282188.451839115
2020-03-06,4394435.237122786
2020-03-09,4457612.233544409
2020-03-10,4296337.905980149
2020-03-11,4209642.097257075
2020-03-12,4138727.3460854148
2020-03-13,4028804.658194834
2020-03-16,4136210.409194067
2020-03-17,4026337.4711089334
2020-03-18,3872663.6069790884
2020-03-19,3888773.3836166784
2020-03-20,4064140.643005624
2020-03-23,4237655.789606371
2020-03-24,4301043.141289226
2020-03-25,4266718.428737356
2020-03-26,4304573.025756437
2020-03-27,4348119.344731813
2020-03-30,4339795.614459898
2020-03-31,4253079.436316179
2020-04-01,4302982.171551844
2020-04-02,4351906.591583451
2020-04-03,4367826.370358929
2020-04-06,4422640.866595762
2020-04-07,4387642.614178231
2020-04-08,4352138.074888424
2020-04-09,4412938.8543446865
2020-04-13,4430614.01777511
2020-04-14,4447502.990958408
2020-04-15,4495063.133983387
2020-04-16,4518645.548049336
2020-04-17,4444489.507612563
2020-04-20,4478202.878598713
2020-04-21,4491113.330819775
2020-04-22,4512343.796627712
2020-04-23,4546781.33597905
2020-04-24,4542372.5557262115
2020-04-27,4485015.887726234
2020-04-28,4500836.390451945
2020-04-29,4501610.921619732
2020-04-30,4434552.455146619
2020-05-01,4467222.984225117
2020-05-04,4464544.871263038
2020-05-05,4459723.081579921
2020-05-06,4395076.219892697
2020-05-07,4465522.524877974
2020-05-08,4423076.000741125
2020-05-11,4392027.596046822
2020-05-12,4423106.6655250415
2020-05-13,4459862.359792383
2020-05-14,4501421.947403174
2020-05-15,4508334.779725737
2020-05-18,4441795.237111829
2020-05-19,4471535.22386669
2020-05-20,4483536.750126074
2020-05-21,4456459.8583458625
2020-05-22,4483049.899630266
2020-05-26,4421128.389688976
2020-05-27,4421051.943181826
2020-05-28,4420322.490953762
2020-05-29,4452369.7507656105
2020-06-01,4414865.193769718
2020-06-02,4371025.920872073
2020-06-03,4310242.305093447
2020-06-04,4259114.2131973775
2020-06-05,4305626.6124964105
2020-06-08,4338354.748949259
2020-06-09,4373182.837076316
2020-06-10,4445214.574537079
2020-06-11,4200270.669817021
2020-06-12,4229747.176601191
2020-06-15,4340737.687026478
2020-06-16,4329369.725480585
2020-06-17,4364277.838248605
2020-06-18,4353361.055405547
2020-06-19,4475012.062285867
2020-06-22,4474242.542817839
2020-06-23,4465288.664318464
2020-06-24,4361459.797487796
2020-06-25,4409257.486102771
2020-06-26,4327113.237648329
2020-06-29,4356476.884731081
2020-06-30,4470500.93136585
2020-07-01,4459666.19364132
2020-07-02,4495178.3336382555
2020-07-06,4564235.2726154085
2020-07-07,4586843.989837097
2020-07-08,4674661.451532553
2020-07-09,4709652.770791726
2020-07-10,4651668.8401757255
2020-07-13,4485936.188026695
2020-07-14,4582505.067296354
2020-07-15,4597007.069138918
2020-07-16,4572062.231837686
2020-07-17,4654215.758048644
2020-07-20,4742831.146150272
2020-07-21,4693796.727784569
2020-07-22,4729850.923404367
2020-07-23,4701091.341184886
2020-07-24,4659922.159215143
2020-07-27,4778872.270224369
2020-07-28,4712571.297738946
2020-07-29,4793443.443748315
2020-07-30,4797894.9406169485
2020-07-31,4856594.224822388
2020-08-03,4925452.794787005
2020-08-04,4976935.640367459
2020-08-05,5004330.413481195
2020-08-06,5001850.07310376
2020-08-07,4947438.37991693
2020-08-10,4871622.083424177
2020-08-11,4744799.697009782
2020-08-12,4886550.969639586
2020-08-13,4926633.663048023
2020-08-14,4908476.440344132
2020-08-17,5032467.724689869
2020-08-18,5038628.033352833
2020-08-19,5017599.723238352
2020-08-20,5056372.077507553
2020-08-21,5080535.321087154
2020-08-24,5083412.801966828
2020-08-25,5123790.681165956
2020-08-26,5161244.169824095
2020-08-27,5103778.072553407
2020-08-28,5097964.13446704
2020-08-31,5213382.37875726
2020-09-01,5266471.003869939
2020-09-02,5381085.301835478
2020-09-03,5009767.840068513
2020-09-04,4911679.92812151
2020-09-08,4712921.208319086
2020-09-09,4905456.935103342
2020-09-10,4793681.679869932
2020-09-11,4729985.874678087
2020-09-14,4836522.392419762
2020-09-15,4907364.165787091
2020-09-16,4803644.398080893
2020-09-17,4728011.329121267
2020-09-18,4673984.326781109
2020-09-21,4739461.43090587
2020-09-22,4835549.52944267
2020-09-23,4673620.043850592
2020-09-24,4694322.671321582
2020-09-25,4830487.345631715
2020-09-28,4912220.719706711
2020-09-29,4936190.363950996
2020-09-30,4972085.30648674
2020-10-01,5045553.805968145
2020-10-02,4952418.602902516
2020-10-05,5093700.074723525
2020-10-06,5024168.409247614
2020-10-07,5181995.139758101
2020-10-08,5149697.958095422
2020-10-09,5206453.062845373
2020-10-12,5288190.5507925125
2020-10-13,5319663.755104408
2020-10-14,5260689.367899231
2020-10-15,5303609.147151587
2020-10-16,5294532.283822018
2020-10-19,5221039.771780257
2020-10-20,5246695.245509279
2020-10-21,5194916.421208123
2020-10-22,5183554.758358933
2020-10-23,5257936.048961848
2020-10-26,5190419.403829642
2020-10-27,5187094.671704069
2020-10-28,4948194.807602059
2020-10-29,4977690.174964523
2020-10-30,4793971.530336413
2020-11-02,4907027.463895589
2020-11-03,5017511.916503089
2020-11-04,5065220.25514569
2020-11-05,5196090.93324124
2020-11-06,5251103.402739982
2020-11-09,5052114.338219723
2020-11-10,5008635.535571783
2020-11-11,5125467.9694978185
2020-11-12,5088531.5268149
2020-11-13,5141262.460716922
2020-11-16,5223225.615593957
2020-11-17,5240780.71038474
2020-11-18,5181329.069016501
2020-11-19,5317188.500039991
2020-11-20,5300627.278645006
2020-11-23,5402851.220841293
2020-11-24,5456300.949488966
2020-11-25,5476257.0000783885
2020-11-27,5529576.384446797
2020-11-30,5563212.363154184
2020-12-01,5614850.403818115
2020-12-02,5623107.089640986
2020-12-03,5624351.923092979
2020-12-04,5710854.263123207
2020-12-07,5748565.943806092
2020-12-08,5772842.6709384965
2020-12-09,5701997.10796648
2020-12-10,5724622.791565746
2020-12-11,5658073.35043615
2020-12-14,5613487.46559593
2020-12-15,5706829.780658991
2020-12-16,5712894.587631166
2020-12-17,5777162.842686068
2020-12-18,5718323.709581981
2020-12-21,5704316.152055306
2020-12-22,5721102.347254493
2020-12-23,5716700.143909279
2020-12-24,5723753.523449686
2020-12-28,5657273.861035331
2020-12-29,5635057.580143753
2020-12-30,5725769.433346321
2020-12-31,5715934.649859633
2021-01-04,5746889.370498486
2021-01-05,5873127.1419259785
2021-01-06,6087036.273212235
2021-01-07,6252657.358692949
2021-01-08,6299426.57282274
2021-01-11,6228247.535108529
2021-01-12,6367696.8142375
2021-01-13,6321500.782554916
2021-01-14,6417299.130331465
2021-01-15,6304691.255868427
2021-01-19,6434815.301834271
2021-01-20,6428488.931995426
2021-01-21,6367572.346890637
2021-01-22,6358484.474006715
2021-01-25,6305574.177434577
2021-01-26,6179345.0213656705
2021-01-27,5864170.131024552
2021-01-28,6035438.252978893
2021-01-29,5892231.008422195
2021-02-01,6068904.229634578
2021-02-02,6225418.573961107
2021-02-03,6241953.827721792
2021-02-04,6393676.091718143
2021-02-05,6510326.044150541
2021-02-08,6593605.848213059
2021-02-09,6600647.511751106
2021-02-10,6521787.6146641085
2021-02-11,6506987.345420556
2021-02-12,6583101.475289147
2021-02-16,6579735.391132266
2021-02-17,6512858.214352431
2021-02-18,6356844.209914836
2021-02-19,6585045.653957398
2021-02-22,6481185.825446314
2021-02-23,6425119.370403103
2021-02-24,6607103.313813918
2021-02-25,6404850.767458517
2021-02-26,6471264.2940065395
2021-03-01,6707703.641975284
2021-03-02,6615941.381908288
2021-03-03,6396725.118091913
2021-03-04,6182639.703880551
2021-03-05,6312694.964387921
2021-03-08,6223885.741533312
2021-03-09,6489918.347859279
2021-03-10,6560415.69898548
2021-03-11,6883334.334766797
2021-03-12,6924712.728925556
2021-03-15,7060909.620091509
2021-03-16,6887578.381611766
2021-03-17,6921879.284292115
2021-03-18,6738953.75406577
2021-03-19,6794453.418423586
2021-03-22,6858041.734783055
2021-03-23,6561244.500080769
2021-03-24,6288604.874172956
2021-03-25,6317640.436228167
2021-03-26,6289143.124748619
2021-03-29,6077161.956163304
2021-03-30,6218678.816701518
2021-03-31,6347824.974577993
2021-04-01,6465282.332182489
2021-04-05,6418001.869883552
2021-04-06,6487945.936267842
2021-04-07,6435846.621250216
2021-04-08,6541966.127742581
2021-04-09,6559708.955011592
2021-04-12,6544148.626058554
2021-04-13,6604972.348654148
2021-04-14,6663799.870083078
2021-04-15,6676849.582664514
2021-04-16,6677801.98318446
2021-04-19,6491808.712506333
2021-04-20,6337464.118752502
2021-04-21,6525609.637291689
2021-04-22,6487045.045704957
2021-04-23,6638963.520185582
2021-04-26,6698290.207007862
2021-04-27,6773944.014929037
2021-04-28,6814907.372978056
2021-04-29,6728808.781174834
2021-04-30,6631993.571842975
2021-05-03,6732372.284554069
2021-05-04,6636983.930773939
2021-05-05,6852079.386109165
2021-05-06,6800063.640892471
2021-05-07,6990832.524141213
2021-05-10,6844331.027248044
2021-05-11,6725430.1282604365
2021-05-12,6474237.144553203
2021-05-13,6477246.617972392
2021-05-14,6751019.5386209395
2021-05-17,6863134.4472866515
2021-05-18,6753935.4152410235
2021-05-19,6565068.7096609445
2021-05-20,6556473.770249622
2021-05-21,6538205.315249742
2021-05-24,6683072.223478218
2021-05-25,6646636.687269917
2021-05-26,6782203.901433009
2021-05-27,6919743.01648876
2021-05-28,6916500.472915174
2021-06-01,7142610.744217613
2021-06-02,7080362.445798674
2021-06-03,7078952.976326728
2021-06-04,7077974.337962443
2021-06-07,7040387.916558086
2021-06-08,7062611.174859814
2021-06-09,6950603.069891128
2021-06-10,6896737.931529771
2021-06-11,6985773.90803109
2021-06-14,6850758.756415764
2021-06-15,6879551.492524754
2021-06-16,6835644.532563674
2021-06-17,6525681.1563718505
2021-06-18,6386700.563327923
2021-06-21,6610322.029919801
2021-06-22,6650886.232631999
2021-06-23,6720568.329123713
2021-06-24,6820886.49872558
2021-06-25,6843919.916450319
2021-06-28,6718268.487038199
2021-06-29,6694087.895715139
2021-06-30,6798083.859307107
2021-07-01,6887441.440184231
2021-07-02,6883512.194772327
2021-07-06,6723140.840621739
2021-07-07,6683380.778440638
2021-07-08,6605544.967225128
2021-07-09,6824213.525318643
2021-07-12,6936996.737539881
2021-07-13,6835797.780970738
2021-07-14,6713400.219307011
2021-07-15,6651411.939411502
2021-07-16,6472577.210122883
2021-07-19,6301729.663239327
2021-07-20,6490117.505094169
2021-07-21,6681574.0822349675
2021-07-22,6636033.809473263
2021-07-23,6661200.324248141
2021-07-26,6781918.556904328
2021-07-27,6727954.217598017
2021-07-28,6735874.447546034
2021-07-29,6864095.888313287
2021-07-30,6811404.893701953
2021-08-02,6785246.21147631
2021-08-03,7073614.947025621
2021-08-04,7009586.611977879
2021-08-05,7071171.3880384825
2021-08-06,7147062.92554811
2021-08-09,7189468.0247681625
2021-08-10,7303145.777261302
2021-08-11,7309406.293661233
2021-08-12,7418190.360353659
2021-08-13,7361844.652830157
2021-08-16,7277766.43466458
2021-08-17,7143975.775445618
2021-08-18,7061893.8769002855
2021-08-19,7034348.046574323
2021-08-20,7086403.700876444
2021-08-23,7312678.344322155
2021-08-24,7356206.268552118
2021-08-25,7433078.033594997
2021-08-26,7384305.626750378
2021-08-27,7513224.875531727
2021-08-30,7434273.136755137
2021-08-31,7375280.300480786
2021-09-01,7366154.964044313
2021-09-02,7436028.502494512
2021-09-03,7489918.220751708
2021-09-07,7461470.498829365
2021-09-08,7434139.598856691
2021-09-09,7438079.740462598
2021-09-10,7407582.498975609
2021-09-13,7182525.950454868
2021-09-14,7246387.077029919
2021-09-15,7316072.07453168
2021-09-16,7293616.234082028
2021-09-17,7208429.614379137
2021-09-20,7076528.698073846
2021-09-21,7098191.713150818
2021-09-22,7209068.738123292
2021-09-23,7358654.903900955
2021-09-24,7328008.821188721
2021-09-27,7120878.914521982
2021-09-28,6879691.027930089
2021-09-29,6900353.57119379
2021-09-30,6801174.614685105
2021-10-01,6810228.832011312
2021-10-04,6670566.623035718
2021-10-05,6806641.802604923
2021-10-06,6754322.00372707
2021-10-07,6854759.760152184
2021-10-08,6779999.766828472
2021-10-11,6741316.908758152
2021-10-12,6762300.761746276
2021-10-13,6817950.525272809
2021-10-14,6937931.429877749
2021-10-15,6921291.472262367
2021-10-18,7063879.2519193115
2021-10-19,7106770.7961226655
2021-10-20,7136736.899950001
2021-10-21,7164092.3900279
2021-10-22,7182628.700300865
2021-10-25,7278265.709171114
2021-10-26,7346218.074456838
2021-10-27,7243699.288985171
2021-10-28,7382730.212751226
2021-10-29,7501766.809208862
2021-11-01,7594947.169454887
2021-11-02,7672405.451576423
2021-11-03,7627442.512401339
2021-11-04,7775755.933653083
2021-11-05,7779099.900081835
2021-11-08,7860027.7688489845
2021-11-09,7731433.710207522
2021-11-10,7513004.11154057
2021-11-11,7587937.657514829
2021-11-12,7628035.03850462
2021-11-15,7593505.0898021385
2021-11-16,7651120.117042013
2021-11-17,7637355.600649487
2021-11-18,7756844.952158188
2021-11-19,7730531.719259693
2021-11-22,7706552.549012724
2021-11-23,7677467.50977908
2021-11-24,7795135.192826541
2021-11-26,7640331.971849015
2021-11-29,7858577.106905373
2021-11-30,7649793.791688918
2021-12-01,7287089.755437978
2021-12-02,7378505.542138395
2021-12-03,7096652.145911811
2021-12-06,6982329.853551238
2021-12-07,7408453.0999911055
2021-12-08,7447235.095144547
2021-12-09,7199908.094032012
2021-12-10,7283881.68426198
2021-12-13,7047173.863294823
2021-12-14,6922517.945057083
2021-12-15,7107245.267504027
2021-12-16,6878091.36777458
2021-12-17,6911119.758735081
2021-12-20,6721109.68585219
2021-12-21,7010436.470662761
2021-12-22,7102911.681170092
2021-12-23,7161929.277628214
2021-12-27,7393129.550131808
2021-12-28,7271530.642774731
2021-12-29,7241604.8852974335
2021-12-30,7195910.844927507
2021-12-31,7169485.596561769
2022-01-03,7209071.275238694
2022-01-04,7247855.822134437
2022-01-05,7002562.028577296
2022-01-06,7052440.985775443
2022-01-07,6977359.911826058
2022-01-10,6971901.070688942
2022-01-11,7075784.28621813
2022-01-12,7095948.97449444
2022-01-13,6931369.480834039
2022-01-14,6962804.444552387
2022-01-18,6824072.256421956
2022-01-19,6658436.744577274
2022-01-20,6543320.022256511
2022-01-21,6310039.408376853
2022-01-24,6357893.039284019
2022-01-25,6232362.651995901
2022-01-26,6228171.261325532
2022-01-27,6092479.858464631
2022-01-28,6214092.155537367
2022-01-31,6462406.029982899
2022-02-01,6648877.9745454835
2022-02-02,6676209.55763717
2022-02-03,6546861.426937807
2022-02-04,6560901.583702252
2022-02-07,6554113.637029469
2022-02-08,6495319.0269662095
2022-02-09,6653749.709125399
2022-02-10,6624006.025386405
2022-02-11,6667168.767029023
2022-02-14,6505654.428554844
2022-02-15,6577892.864653173
2022-02-16,6666284.658882604
2022-02-17,6628634.28463192
2022-02-18,6566682.217849524
2022-02-22,6427425.227998764
2022-02-23,6390508.373855602
2022-02-24,6536888.603088164
2022-02-25,6691227.239049442
2022-02-28,6878423.005717815
2022-03-01,6995104.556572599
2022-03-02,6922311.121389878
2022-03-03,6963522.5150163295
2022-03-04,7074445.481008534
2022-03-07,7179592.011144907
2022-03-08,7376018.451820708
2022-03-09,7156868.268261438
2022-03-10,7179206.484446217
2022-03-11,7128751.853141413
2022-03-14,7021295.10127859
2022-03-15,6889958.614129366
2022-03-16,6933095.290476716
2022-03-17,6966988.729145713
2022-03-18,6905749.928754072
2022-03-21,6958515.369478465
2022-03-22,6908060.738173661
2022-03-23,7002422.511530057
2022-03-24,7053262.669533551
2022-03-25,7024376.376402421
2022-03-28,6896506.103382579
2022-03-29,6899587.37850641
2022-03-30,6955049.155349082
2022-03-31,6957744.903774222
2022-04-01,6999310.588217093
2022-04-04,7043564.133600159
2022-04-05,6921388.46896975
2022-04-06,6915312.594579028
2022-04-07,7064633.534479652
2022-04-08,7315807.828895043
2022-04-11,7106300.768511399
2022-04-12,7276422.793899738
2022-04-13,7365475.643350534
2022-04-14,7380959.908028435
2022-04-18,7511963.032770914
2022-04-19,7443498.980383324
2022-04-20,7428051.633007804
2022-04-21,7148469.888821999
2022-04-22,6892112.125581823
2022-04-25,6647526.079822772
2022-04-26,6625570.077037617
2022-04-27,6738494.786335711
2022-04-28,6937323.408519553
2022-04-29,6758382.899910658
2022-05-02,6624969.085963229
2022-05-03,6642520.367907595
2022-05-04,6707766.818967744
2022-05-05,6682202.590250994
2022-05-06,6693267.478241197
2022-05-09,6596352.333819348
2022-05-10,6540644.800140495
2022-05-11,6594063.086801329
2022-05-12,6492950.213234026
2022-05-13,6440295.202982303
2022-05-16,6501725.854206209
2022-05-17,6460899.590563113
2022-05-18,6464333.461090144
2022-05-19,6559341.287803183
2022-05-20,6563919.781839224
2022-05-23,6594444.433901226
2022-05-24,6644046.920725817
2022-05-25,6603983.35128252
2022-05-26,6591773.257573995
2022-05-27,6595207.710310337
2022-05-31,6529961.25925019
2022-06-01,6526043.282494639
2022-06-02,6526043.282494639
2022-06-03,6526043.282494639
2022-06-06,6526043.282494639
2022-06-07,6526043.282494639
2022-06-08,6526043.282494639
2022-06-09,6526043.282494639
2022-06-10,6526043.282494639
2022-06-13,6526043.282494639
2022-06-14,6526043.282494639
2022-06-15,6526043.282494639
2022-06-16,6526043.282494639
2022-06-17,6526043.282494639
2022-06-21,6526043.282494639
2022-06-22,6526043.282494639
2022-06-23,6526043.282494639
2022-06-24,6526043.282494639
2022-06-27,6526043.282494639
2022-06-28,6526043.282494639
2022-06-29,6526043.282494639
2022-06-30,6526043.282494639
2022-07-01,6526043.282494639
2022-07-05,6526043.282494639
2022-07-06,6526043.282494639
2022-07-07,6526043.282494639
2022-07-08,6526043.282494639
2022-07-11,6526043.282494639
2022-07-12,6526043.282494639
2022-07-13,6526043.282494639
2022-07-14,6526043.282494639
2022-07-15,6526043.282494639
2022-07-18,6526043.282494639
2022-07-19,6526043.282494639
2022-07-20,6526043.282494639
2022-07-21,6526043.282494639
2022-07-22,6526043.282494639
2022-07-25,6526043.282494639
2022-07-26,6526043.282494639
2022-07-27,6526043.282494639
2022-07-28,6526043.282494639
2022-07-29,6526043.282494639
2022-08-01,6526043.282494639
2022-08-02,6526043.282494639
2022-08-03,6526043.282494639
2022-08-04,6526043.282494639
2022-08-05,6526043.282494639
2022-08-08,6526043.282494639
2022-08-09,6526043.282494639
2022-08-10,6526043.282494639
2022-08-11,6526043.282494639
2022-08-12,6526043.282494639
2022-08-15,6526043.282494639
2022-08-16,6526043.282494639
2022-08-17,6526043.282494639
2022-08-18,6526043.282494639
2022-08-19,6526043.282494639
2022-08-22,6526043.282494639
2022-08-23,6526043.282494639
2022-08-24,6526043.282494639
2022-08-25,6526043.282494639
2022-08-26,6526043.282494639
2022-08-29,6526043.282494639
2022-08-30,6526043.282494639
2022-08-31,6526043.282494639
2022-09-01,6526043.282494639
2022-09-02,6526043.282494639
2022-09-06,6526043.282494639
2022-09-07,6526043.282494639
2022-09-08,6526043.282494639
2022-09-09,6526043.282494639
2022-09-12,6526043.282494639
2022-09-13,6526043.282494639
2022-09-14,6526043.282494639
2022-09-15,6526043.282494639
2022-09-16,6526043.282494639
2022-09-19,6526043.282494639
2022-09-20,6526043.282494639
2022-09-21,6526043.282494639
2022-09-22,6526043.282494639
2022-09-23,6526043.282494639
2022-09-26,6526043.282494639
2022-09-27,6526043.282494639
2022-09-28,6526043.282494639
2022-09-29,6526043.282494639
2022-09-30,6526043.282494639
2022-10-03,6526043.282494639
2022-10-04,6526043.282494639
2022-10-05,6526043.282494639
2022-10-06,6526043.282494639
2022-10-07,6526043.282494639
2022-10-10,6526043.282494639
2022-10-11,6526043.282494639
2022-10-12,6526043.282494639
2022-10-13,6526043.282494639
2022-10-14,6526043.282494639
2022-10-17,6526043.282494639
2022-10-18,6526043.282494639
2022-10-19,6526043.282494639
2022-10-20,6526043.282494639
2022-10-21,6526043.282494639
2022-10-24,6526043.282494639
2022-10-25,6526043.282494639
2022-10-26,6526043.282494639
2022-10-27,6526043.282494639
2022-10-28,6526043.282494639
2022-10-31,6526043.282494639
2022-11-01,6526043.282494639
2022-11-02,6526043.282494639
2022-11-03,6526043.282494639
2022-11-04,6526043.282494639
2022-11-07,6526043.282494639
2022-11-08,6526043.282494639
2022-11-09,6526043.282494639
2022-11-10,6526043.282494639
2022-11-11,6526043.282494639
2022-11-14,6526043.282494639
2022-11-15,6526043.282494639
2022-11-16,6526043.282494639
2022-11-17,6526043.282494639
2022-11-18,6526043.282494639
2022-11-21,6526043.282494639
2022-11-22,6526043.282494639
2022-11-23,6526043.282494639
2022-11-25,6526043.282494639
2022-11-28,6526043.282494639
2022-11-29,6526043.282494639
2022-11-30,6526043.282494639
2022-12-01,6495079.654498778
2022-12-02,6561168.256837253
2022-12-05,6440818.320724505
2022-12-06,6322398.112413886
2022-12-07,6333697.938471539
2022-12-08,6365128.740487929
2022-12-09,6236534.269609174
2022-12-12,6345883.253755611
2022-12-13,6350367.98653537
2022-12-14,6361483.497373636
2022-12-15,6294019.672096309
2022-12-16,6266838.264208457
2022-12-19,6276497.881616823
2022-12-20,6309256.8636461
2022-12-21,6401291.235880781
2022-12-22,6298664.388772815
2022-12-23,6370875.134792722
2022-12-27,6367373.025754174
2022-12-28,6274626.865104796
2022-12-29,6288907.0091340225
2022-12-30,6303995.450054563
2023-01-03,6349199.236204927
2023-01-04,6408957.302330423
2023-01-05,6329156.414921151
2023-01-06,6447559.0885651205
2023-01-09,6462034.616813787
2023-01-10,6485789.344359223
2023-01-11,6481334.943573755
2023-01-12,6556311.032471727
2023-01-13,6634998.4612739775
2023-01-17,6591571.876527978
2023-01-18,6572642.513851223
2023-01-19,6676940.62332974
2023-01-20,6654670.31847454
2023-01-23,6667290.459949755
2023-01-24,6691416.151578407
2023-01-25,6722223.1612065695
2023-01-26,6661351.6364740515
2023-01-27,6652072.437177282
2023-01-30,6634998.4612739775
2023-01-31,6659124.719260008
2023-02-01,6623503.427663935
2023-02-02,6447406.4171283385
2023-02-03,6474554.233627323
2023-02-06,6495727.652847367
2023-02-07,6556868.011609201
2023-02-08,6547591.261439962
2023-02-09,6522159.150073041
2023-02-10,6608069.923357955
2023-02-13,6681723.261432869
2023-02-14,6674169.076706688
2023-02-15,6696149.174098804
2023-02-16,6621258.551649774
2023-02-17,6589135.955250739
2023-02-21,6522976.211829582
2023-02-22,6498965.956228309
2023-02-23,6496079.222802192
2023-02-24,6503145.30408894
2023-02-27,6527287.82141869
2023-02-28,6515825.179780575
2023-03-01,6708920.581281396
2023-03-02,6790526.186358947
2023-03-03,6909591.653878456
2023-03-06,6873014.136497517
2023-03-07,6783885.510200236
2023-03-08,6783569.009867256
2023-03-09,6646663.366373318
2023-03-10,6467404.595205404
2023-03-13,6311076.348675324
2023-03-14,6413455.396489008
2023-03-15,6079704.180779419
2023-03-16,6234528.450824941
2023-03-17,6078324.761163475
2023-03-20,6208504.203651876
2023-03-21,6358324.517182109
2023-03-22,6224393.605014029
2023-03-23,6214910.265458403
2023-03-24,6180396.522870061
2023-03-27,6257188.6500498615
2023-03-28,6296774.304513552
2023-03-29,6394915.356928488
2023-03-30,6414436.505234545
2023-03-31,6518448.227539168
2023-04-03,6522208.069316331
2023-04-04,6348913.106531771
2023-04-05,6314564.146899048
2023-04-06,6331906.3029052755
2023-04-10,6403341.731147143
2023-04-11,6397890.759955624
2023-04-12,6395151.911618005
2023-04-13,6471949.8391963085
2023-04-14,6485369.104697283
2023-04-17,6535781.345308672
2023-04-18,6596537.720934772
2023-04-19,6559749.79812902
2023-04-20,6631371.172626415
2023-04-21,6646638.890439044
2023-04-24,6676421.047772495
2023-04-25,6577904.322305383
2023-04-26,6509024.253392447
2023-04-27,6565021.793108652
2023-04-28,6593224.971053296
2023-05-01,6664594.722640251
2023-05-02,6493446.385925587
2023-05-03,6435764.614471447
2023-05-04,6372263.154241483
2023-05-05,6455125.026073157
2023-05-08,6512200.371716371
2023-05-09,6507908.567303031
2023-05-10,6549348.857908066
2023-05-11,6489884.396009199
2023-05-12,6551764.671002511
2023-05-15,6574476.74322825
2023-05-16,6506737.495056003
2023-05-17,6579606.543422152
2023-05-18,6704813.064907854
2023-05-19,6689947.632793944
2023-05-22,6654785.85320005
2023-05-23,6460037.079441253
2023-05-24,6443490.017556188
2023-05-25,6654940.652987255
2023-05-26,6764117.850035824
2023-05-30,6772130.311161216
2023-05-31,6679440.306936475
2023-06-01,6775100.057367048
2023-06-02,6884258.847350716
2023-06-05,6848453.1961331265
2023-06-06,6920462.040717529
2023-06-07,6851120.979702812
2023-06-08,6864886.018856686
2023-06-09,6909242.129185059
2023-06-12,7007207.125896479
2023-06-13,7069174.689236559
2023-06-14,7064217.103089498
2023-06-15,7116138.426528951
2023-06-16,7082573.063480936
2023-06-20,7122707.942891829
2023-06-21,7086672.172628862
2023-06-22,7082521.319060604
2023-06-23,7018509.7097345535
2023-06-26,6973996.982106502
2023-06-27,7094605.846326349
2023-06-28,7100731.976252371
2023-06-29,7098172.761467387
2023-06-30,7205777.784791835
2023-07-03,7195959.73905789
2023-07-05,7202961.974697367
2023-07-06,7094528.508261107
2023-07-07,7120979.347650962
2023-07-10,7242588.2871486945
2023-07-11,7241021.405071035
2023-07-12,7319505.544463217
2023-07-13,7365705.760380854
2023-07-14,7318529.669592146
2023-07-17,7425836.119825346
2023-07-18,7487856.026894682
2023-07-19,7466717.331189609
2023-07-20,7263457.401431005
2023-07-21,7236844.125799547
2023-07-24,7245637.03602881
2023-07-25,7426160.194652108
2023-07-26,7372538.248886228
2023-07-27,7480436.409290749
2023-07-28,7585471.658992858
2023-07-31,7602358.231964301
2023-08-01,7523767.541767956
2023-08-02,7320615.142569694
2023-08-03,7280994.210566097
2023-08-04,7230264.417722382
2023-08-07,7371308.567842759
2023-08-08,7299407.764401021
2023-08-09,7146301.167199306
2023-08-10,7141540.032443182
2023-08-11,7082739.459923979
2023-08-14,7193836.2921652105
2023-08-15,7129404.226783034
2023-08-16,7009847.628954625
2023-08-17,6836143.970043037
2023-08-18,6840862.90100436
2023-08-21,7033023.280246791
2023-08-22,7011311.053014246
2023-08-23,7162578.969045733
2023-08-24,6967912.234777165
2023-08-25,6980075.248028425
2023-08-28,7021289.778444645
2023-08-29,7178661.26061927
2023-08-30,7170308.437156415
2023-08-31,7223171.398657075
2023-09-01,7182550.492590289
2023-09-05,7152970.776072853
2023-09-06,7138839.984251366
2023-09-07,7117080.964839819
2023-09-08,7120175.566458874
2023-09-11,7201472.810964068
2023-09-12,7112300.123178134
2023-09-13,7066830.997298496
2023-09-14,7140987.097252144
2023-09-15,6967556.984419014
2023-09-18,6966607.595952907
2023-09-19,7008172.404664014
2023-09-20,6889760.924696859
2023-09-21,6728583.855678862
2023-09-22,6705245.240323521
2023-09-25,6728029.720328534
2023-09-26,6655373.894792264
2023-09-27,6677113.843882932
2023-09-28,6764511.722943012
2023-09-29,6703640.843914608
2023-10-02,6710247.957193836
2023-10-03,6544576.163576414
2023-10-04,6653352.255266056
2023-10-05,6635777.27171864
2023-10-06,6799084.39119997
2023-10-09,6825033.484876378
2023-10-10,6875018.433253888
2023-10-11,7009744.668286254
2023-10-12,6991802.373699009
2023-10-13,6866436.29311783
2023-10-16,6915331.794112209
2023-10-17,6932638.665181074
2023-10-18,6796358.162704648
2023-10-19,6726256.927910946
2023-10-20,6618087.515344178
2023-10-23,6688140.276220588
2023-10-24,6749386.93989586
2023-10-25,6568283.67693615
2023-10-26,6493638.292083161
2023-10-27,6498246.337823258
2023-10-30,6615065.385729665
2023-10-31,6631565.500240804
2023-11-01,6602713.9272007635
2023-11-02,6624661.830018772
2023-11-03,6648768.452947854
2023-11-06,6596957.523242318
2023-11-07,6569612.271133372
2023-11-08,6504128.7153733615
2023-11-09,6530034.454732757
2023-11-10,6458793.396987795
2023-11-13,6494773.529541037
2023-11-14,6552701.564912287
2023-11-15,6535431.255010442
2023-11-16,6609190.63654724
2023-11-17,6608470.880172464
2023-11-20,6597676.73060384
2023-11-21,6668917.788348803
2023-11-22,6640493.176184321
2023-11-24,6675034.3450012645
2023-11-27,6720009.510692818
2023-11-28,6809599.68938191
2023-11-29,6819674.082575757
2023-11-30,6791250.019424527
2023-12-01,6769448.377365381
2023-12-04,6700959.051412389
2023-12-05,6722581.606788025
2023-12-06,6648359.989034032
2023-12-07,6733643.350110638
2023-12-08,6832973.1104425425
2023-12-11,6834987.864991433
2023-12-12,6906587.425156584
2023-12-13,6952502.221966191
2023-12-14,6857799.292273658
2023-12-15,6915653.49442077
2023-12-18,6986439.312729887
2023-12-19,7040478.456011996
2023-12-20,6929633.798868887
2023-12-21,7002088.780269323
2023-12-22,7004376.454458744
2023-12-26,7050670.156849028
2023-12-27,7089308.666078442
2023-12-28,7103144.252460926
2023-12-29,7092279.303011444
2024-01-02,6872538.446127181
2024-01-03,6812000.724783308
2024-01-04,6816123.067521118
2024-01-05,6880648.132204512
2024-01-08,7080944.755547015
2024-01-09,7097688.867737755
2024-01-10,7195607.118366133
2024-01-11,7222965.425773929
2024-01-12,7211710.962348574
2024-01-16,7227793.002515377
2024-01-17,7197108.633649587
2024-01-18,7310907.652234805
2024-01-19,7451949.468416094
2024-01-22,7484889.627746307
2024-01-23,7447346.128538648
2024-01-24,7453289.659844517
2024-01-25,7583040.422559602
2024-01-26,7420095.034239133
2024-01-29,7541826.0197308175
2024-01-30,7490640.276372207
2024-01-31,7387891.992146469
2024-02-01,7527016.588503323
2024-02-02,7831944.929490475
2024-02-05,7802717.66827129
2024-02-06,7733335.055149929
2024-02-07,7822764.218244889
2024-02-08,7880622.54810238
2024-02-09,7902187.3162476495
2024-02-12,7858337.305232958
2024-02-13,7749413.158598775
2024-02-14,7978142.115540888
2024-02-15,8028196.5362975085
2024-02-16,7893372.169532271
2024-02-20,7783920.069249441
2024-02-21,7735315.087370424
2024-02-22,8128243.986730077
2024-02-23,8098651.175636339
2024-02-26,8138426.386452453
2024-02-27,8190961.186146664
2024-02-28,8160187.943814203
2024-02-29,8302725.229288203
2024-03-01,8580107.493947968
2024-03-04,8631881.096919402
2024-03-05,8547692.709597755
2024-03-06,8673123.675212368
2024-03-07,8784500.088421578
2024-03-08,8605729.348937012
2024-03-11,8463936.899239495
2024-03-12,8672118.162919827
2024-03-13,8636475.577826718
2024-03-14,8555000.21897152
2024-03-15,8500823.770621734
2024-03-18,8593097.747911602
2024-03-19,8651139.3245288
2024-03-20,8818272.907861631
2024-03-21,8956544.032213422
2024-03-22,8993683.567624392
2024-03-25,8979342.835796023
2024-03-26,8841115.329429695
2024-03-27,8825345.690690253
2024-03-28,8861609.071585214
2024-04-01,8855042.739336744
2024-04-02,8745729.676427415
2024-04-03,8830683.926448178
2024-04-04,8585045.9769227
2024-04-05,8777926.567751188
2024-04-08,8697691.801658813
2024-04-09,8616372.991741141
2024-04-10,8452687.16311805
2024-04-11,8618048.095910994
2024-04-12,8471688.105513716
2024-04-15,8300556.245845494
2024-04-16,8348717.59636202
2024-04-17,8157344.65281059
2024-04-18,8145736.273582096
2024-04-19,7807282.595942138
2024-04-22,7890341.669576825
2024-04-23,8160065.210880067
2024-04-24,8118771.553666544
2024-04-25,8118062.540167159
2024-04-26,8286628.506831961
2024-04-29,8296518.998036355
2024-04-30,8100062.043499396
2024-05-01,7986802.073696744
2024-05-02,8103221.462060053
2024-05-03,8267633.144924683
2024-05-06,8497762.585077439
2024-05-07,8183305.408312864
2024-05-08,8265604.5695423065
2024-05-09,8404836.658636577
2024-05-10,8418639.796422075
2024-05-13,8372309.375941975
2024-05-14,8455081.154386695
2024-05-15,8672640.862327555
2024-05-16,8509434.134355765
2024-05-17,8438350.495730197
2024-05-20,8559212.713066597
2024-05-21,8628782.525539905
2024-05-22,8512872.41364298
2024-05-23,8569307.638266345
2024-05-24,8794703.861871904
2024-05-28,8790141.071249364
2024-05-29,8634117.874180214
2024-05-30,8640279.097259738
2024-05-31,8562432.103374569
2024-06-03,8434617.094277987
2024-06-04,8342715.704459416
2024-06-05,8597604.517861791
2024-06-06,8370762.3484220365
2024-06-07,8337561.501198698
2024-06-10,8565268.915709034
2024-06-11,8571996.895815808
2024-06-12,8686320.002838412
2024-06-13,8719586.574807161
2024-06-14,8632743.44022623
2024-06-17,8729992.114607438
2024-06-18,8934110.162609389
2024-06-20,8774298.85071511
2024-06-21,8660758.917073324
2024-06-24,8593501.472819867
2024-06-25,8699521.29042793
2024-06-26,8557410.668184765
2024-06-27,8544028.315679146
2024-06-28,8402973.710873242
2024-07-01,8442950.697238842
2024-07-02,8482402.064265337
2024-07-03,8620701.671251308
2024-07-05,8516934.950626995
2024-07-08,8670309.285555534
2024-07-09,8660197.85119697
2024-07-10,8711683.591737034
2024-07-11,8543040.448819466
2024-07-12,8593034.359788593
2024-07-15,8474240.642246205
2024-07-16,8399244.090103757
2024-07-17,7895040.4384544855
2024-07-18,7872611.496437129
2024-07-19,7748825.79657278
2024-07-22,7808117.594641374
2024-07-23,7865856.635048495
2024-07-24,7469066.734877915
2024-07-25,7300992.857347768
2024-07-26,7470899.716857721
2024-07-29,7446554.876515875
2024-07-30,7157837.676419367
2024-07-31,7582756.85179714
2024-08-01,7406533.2572332155
2024-08-02,7073651.061884708
2024-08-05,6916484.753146982
2024-08-06,7124070.563931947
2024-08-07,7018518.45254456
2024-08-08,7305328.376474373
2024-08-09,7370435.808070924
2024-08-12,7427492.376605595
2024-08-13,7560811.050252015
2024-08-14,7621267.446139751
2024-08-15,7812860.442924023
2024-08-16,7788700.924859583
2024-08-19,7863092.904066564
2024-08-20,7786013.735303304
2024-08-21,7882305.18031532
2024-08-22,7818342.492497472
2024-08-23,7922144.513056121
2024-08-26,7860622.102204316
2024-08-27,7862986.426363022
2024-08-28,7700880.463040852
2024-08-29,7627651.132239579
2024-08-30,7695620.182173821
2024-09-03,7425271.825710156
2024-09-04,7398348.614101245
2024-09-05,7341983.540430274
2024-09-06,7193225.901372014
2024-09-09,7272115.941862077
2024-09-10,7319528.3126936415
2024-09-11,7401797.178144375
2024-09-12,7509925.784731772
2024-09-13,7626987.187883469
2024-09-16,7667590.808487329
2024-09-17,7678807.221686562
2024-09-18,7699355.6038305545
2024-09-19,7781124.133061209
2024-09-20,7931976.23747503
2024-09-23,8009422.865668277
2024-09-24,8075328.487865675
2024-09-25,8111894.207924515
2024-09-26,7983539.5368846
2024-09-27,7962586.825695692
2024-09-30,8012848.864346944
2024-10-01,7947162.758327916
2024-10-02,8030982.3962210575
2024-10-03,8095243.951614903
2024-10-04,8167148.50621003
2024-10-07,8132525.496793895
2024-10-08,8253621.903514827
2024-10-09,8281666.062875766
2024-10-10,8228102.304753198
2024-10-11,8329496.632176759
2024-10-14,8407109.073080732
2024-10-15,8323084.746501824
2024-10-16,8416573.173042988
2024-10-17,8361500.946701186
2024-10-18,8363580.577161181
2024-10-21,8349130.735097453
2024-10-22,8295550.651693534
2024-10-23,8275973.800952056
2024-10-24,8288429.968422456
2024-10-25,8301325.528402212
2024-10-28,8355709.990806804
2024-10-29,8369299.406831598
2024-10-30,8323775.589009254
2024-10-31,8181757.816658593
2024-11-01,8095498.845297172
2024-11-04,8040822.924586293
2024-11-05,8355758.911498915
2024-11-06,8540841.033765528
2024-11-07,8661899.59165814
2024-11-08,8889030.292853514
2024-11-11,8962523.441435307
2024-11-12,8817279.988204636
2024-11-13,8804732.57656225
2024-11-14,8684544.853127146
2024-11-15,8722722.7905161
2024-11-18,8776941.876050584
2024-11-19,8899912.05841594
2024-11-20,8881949.076732876
2024-11-21,9054904.119915284
2024-11-22,9110513.33179204
2024-11-25,9140851.337957714
2024-11-26,9332471.306966214
2024-11-27,9249002.248985026
2024-11-29,9333145.042860545
2024-12-02,9154910.488853073
2024-12-03,9261669.00838167
2024-12-04,9276559.761229837
2024-12-05,9313123.347386818
2024-12-06,9332445.211656462
2024-12-09,8913844.111058978
2024-12-10,8765533.33457811
2024-12-11,8823740.384796869
2024-12-12,8762490.32093631
2024-12-13,8740553.23118338
2024-12-16,8727772.174790654
2024-12-17,8615361.851526856
2024-12-18,8212440.333769947
2024-12-19,8272581.576831891
2024-12-20,8528813.052561015
2024-12-23,8577815.79420863
2024-12-24,8680059.00768226
2024-12-26,8618610.776415342
2024-12-27,8482459.826774202
2024-12-30,8411721.779980624
2024-12-31,8354859.066552064
2025-01-02,8450404.382486967
2025-01-03,8666239.17439805
2025-01-06,8656345.70350155
2025-01-07,8603665.034312349
2025-01-08,8718424.046065664
2025-01-10,8736429.51502033
2025-01-13,8733749.917506773
2025-01-14,8920843.783430876
2025-01-15,9049757.411856519
2025-01-16,9182756.757368797
2025-01-17,9353627.039757352
2025-01-21,9543385.909189083
2025-01-22,9453778.711043179
2025-01-23,9469785.492299616
2025-01-24,9406031.649269085
2025-01-27,8984448.103949208
2025-01-28,9369942.954586806
2025-01-29,9430935.597874932
2025-01-30,9675998.285427747
2025-01-31,9477506.1597446
2025-02-03,9406848.70253269
2025-02-04,9667359.056360986
2025-02-05,9727670.943024004
2025-02-06,9952621.153151536
2025-02-07,9801657.999051446
2025-02-10,9764505.487453133
2025-02-11,9626715.220601054
2025-02-12,9743782.339771997
2025-02-13,9794165.284621285
2025-02-14,9929821.78882261
2025-02-18,9979981.082205517
2025-02-19,9865358.457981357
2025-02-20,9459683.594204977
2025-02-21,9001617.69367745
2025-02-24,8871956.427286955
2025-02-25,8738141.80297495
2025-02-26,9035322.805817336
2025-02-27,8652326.379029116
2025-02-28,8841972.770992056
2025-03-03,8607967.441582553
2025-03-04,8415237.060650524
2025-03-05,8528659.357621552
2025-03-06,8040428.563185046
2025-03-07,8047724.185396615
2025-03-10,7663807.976303331
2025-03-11,7800266.696551082
2025-03-12,7904270.320360229
2025-03-13,7681713.597903777
2025-03-14,7928849.791660936
2025-03-17,8057208.511926501
2025-03-18,7884517.7799346
2025-03-19,8149511.259981175
2025-03-20,8148337.999088653
2025-03-21,8111514.724271908
2025-03-24,8445512.250375303
2025-03-25,8429602.151329663
2025-03-26,8251481.240488129
2025-03-27,8092477.529437185
2025-03-28,7852531.893397736
2025-03-31,7858624.755613907
2025-04-01,7833648.235846576
2025-04-02,7849720.23102604
2025-04-03,7802321.437401034
2025-04-04,7619807.484384417
2025-04-07,7456089.7767000105
2025-04-08,7496679.1919297865
2025-04-09,7773990.732196416
2025-04-10,7963859.412433471
2025-04-11,8115862.9275934985
2025-04-14,8069554.000294478
2025-04-15,8111776.96802659
2025-04-16,8375740.763266505
2025-04-17,8338965.464515463
2025-04-21,8596936.241949104
2025-04-22,8474896.98449603
2025-04-23,8271680.559232262
2025-04-24,8392085.432858571
2025-04-25,8301101.130762867
2025-04-28,8419326.271737207
2025-04-29,8337331.080688701
2025-04-30,8274949.326885791
2025-05-01,8103059.700067567
2025-05-02,8117225.4683320895
2025-05-05,8359668.768087044
2025-05-06,8593940.148708181
2025-05-07,8465090.681535449
2025-05-08,8298376.880610119
2025-05-09,8358578.901761058
2025-05-12,8122945.811725762
2025-05-13,8157541.377824831
2025-05-14,7985924.4254192095
2025-05-15,8113411.351853352
2025-05-16,8015344.165625386
2025-05-19,8118587.177746247
2025-05-20,8269773.500992892
2025-05-21,8330793.545381642
2025-05-22,8256970.273466956
2025-05-23,8437849.84265681
2025-05-27,8294835.438543984
2025-05-28,8276039.193211772
2025-05-29,8325072.370663541
2025-05-30,8270318.8498181
2025-06-02,8347486.520649031
2025-06-03,8367825.604892111
2025-06-04,8330749.093049215
2025-06-05,8361471.27322548
2025-06-06,8434138.979579745
2025-06-09,8372172.96539955
2025-06-10,8298974.855692664
2025-06-11,8420879.537796246
2025-06-12,8441022.960033562
2025-06-13,8402446.97771758
2025-06-16,8479722.809023947
2025-06-17,8448773.954295838
2025-06-18,8438912.731245842
2025-06-20,8459635.189076789
2025-06-23,8568485.701587653
2025-06-24,8651103.727597993
2025-06-25,8544356.14732601
2025-06-26,8642592.851090087
2025-06-27,8724019.717009468
2025-06-30,8830984.124340978
2025-07-01,8560134.237568239
2025-07-02,8581049.204289393
2025-07-03,8682726.021619832
2025-07-07,8750478.008820973
2025-07-08,8635385.157089034
2025-07-09,8692829.45816973
2025-07-10,8586603.589930436
2025-07-11,8606242.771501247
2025-07-14,8743040.97417702
2025-07-15,8733145.086752476
2025-07-16,8728195.426236637
2025-07-17,8742158.935813865
2025-07-18,8765824.262091434
2025-07-21,8754262.346110998
2025-07-22,8486177.53618784
2025-07-23,8682637.541634873
2025-07-24,8668296.872516083
2025-07-25,8731983.726745538
2025-07-28,8680488.202948172
2025-07-29,8726545.180339858
2025-07-30,8795319.47191826
2025-07-31,8774438.178829899
2025-08-01,8685518.180844035
2025-08-04,8877781.571428621
2025-08-05,8838085.110563524
2025-08-06,8780748.653182985
2025-08-07,8795117.701531807
2025-08-08,8797791.999895638
2025-08-11,8757692.00129163
2025-08-12,8965872.603995712
2025-08-13,8789793.895459846
2025-08-14,8546153.762522712
2025-08-15,8510808.42636551
2025-08-18,8571105.393227616
2025-08-19,8315076.08567108
2025-08-20,8294861.423281409
2025-08-21,8263353.1313215
2025-08-22,8341931.349977246
2025-08-25,8330622.279404083
2025-08-26,8463620.686984628
2025-08-27,8453720.48560547
2025-08-28,8563582.489846084
2025-08-29,8361714.51109532
2025-09-02,8331632.908476092
2025-09-03,8458157.67712928
2025-09-04,8649091.029452574
2025-09-05,8678101.920396378
2025-09-08,8763366.800615396
2025-09-09,8909439.563020857
2025-09-10,9203518.365483014
2025-09-11,9193209.724580135
2025-09-12,9227055.98222718
2025-09-15,9400178.288083173
2025-09-16,9324906.875094425
2025-09-17,9259619.007031333
2025-09-18,9427168.423558678
2025-09-19,9543401.959996216
2025-09-22,9690797.885606637
2025-09-23,9635492.025050495
2025-09-24,9519344.312823514
2025-09-25,9374711.917097446
2025-09-26,9416044.876225943
2025-09-29,9490836.816289496
2025-09-30,9603100.98200425
2025-10-01,9738155.708612945
2025-10-02,9784725.247322606
2025-10-03,9658667.894167468
2025-10-06,9525913.70972195
2025-10-07,9492095.032165958
2025-10-08,9582930.473002268
2025-10-09,9529855.227613788
2025-10-10,9124160.872011524
2025-10-13,9437902.301547328
2025-10-14,9337021.33121847
2025-10-15,9454350.550136218
2025-10-16,9470113.179244678
2025-10-17,9428423.036062598
2025-10-20,9375711.887863835
2025-10-21,9333780.90126073
2025-10-22,9318357.780171195
2025-10-23,9604054.003645139
2025-10-24,9742597.010207705
2025-10-27,9846541.244989842
2025-10-28,9691473.162062375
2025-10-29,10071455.326207714
2025-10-30,9965457.935819859
2025-10-31,10091913.948077613
2025-11-03,10292855.598078702
2025-11-04,9780285.746210035
2025-11-05,10230955.631087907
2025-11-06,10011029.5921474
2025-11-07,10042433.912321845
2025-11-10,10520204.89353331
2025-11-11,10181090.407571226
2025-11-12,10107985.436210312
2025-11-13,9571808.280124614
2025-11-14,9608482.72157101
2025-11-17,9485345.588997226
2025-11-18,9243792.440649476
2025-11-19,9350116.14624767
2025-11-20,8733493.904883973
2025-11-21,8814509.089775125
2025-11-24,9318874.73993306
2025-11-25,9413872.087599909
2025-11-26,9783364.385175148
2025-11-28,10014181.79764249
2025-12-01,9888639.316536728
2025-12-02,10026684.996192846
2025-12-03,10055240.231925981
2025-12-04,10023141.71466941
2025-12-05,10271198.264359012
2025-12-08,10478611.097916542
2025-12-09,10556126.913048672
2025-12-10,10846026.009748178
2025-12-11,10749188.616611136
2025-12-12,10167573.062825633
2025-12-15,10027220.919024527
2025-12-16,10022889.498030141
2025-12-17,9628140.105371593
2025-12-18,9956586.69929581
2025-12-19,10301962.970402103
2025-12-22,10349292.235510293
2025-12-23,10388325.764412427
2025-12-24,10467073.791997697
2025-12-26,10460103.071085397
2025-12-29,10444694.599560983
2025-12-30,10400528.759234767
2025-12-31,10248030.019493029
2026-01-02,10630939.47459835
2026-01-05,10845133.286908332
2026-01-06,11470151.54462071
2026-01-07,11296279.306816118
2026-01-08,10941388.198930735
2026-01-09,11404629.188875178
2026-01-12,11686300.457123041
2026-01-13,11798804.898511942
2026-01-14,11618773.553080587
2026-01-15,11723011.167760544
2026-01-16,11751083.020268036
2026-01-20,11850261.69866705
2026-01-21,12150444.710765699
2026-01-22,12160838.26803922
2026-01-23,12161785.63856259
2026-01-26,12262327.229122246
2026-01-27,12625822.143168023
2026-01-28,13067438.878917119
2026-01-29,13092095.476758825
2026-01-30,12207180.33408754
2026-02-02,12498974.109724931
2026-02-03,12817459.349272992
2026-02-04,12270947.713109456
2026-02-05,12075328.566794531
2026-02-06,12798692.525735175
2026-02-09,12942277.37808742
2026-02-10,12745954.435249383
2026-02-11,13236237.715627413
2026-02-12,12994808.509828383
2026-02-13,13207564.28102191
2026-02-17,13147728.9800769
2026-02-18,13345002.773664575
2026-02-19,13266213.486962521
2026-02-20,13448687.221498527
2026-02-23,13411446.633147914
2026-02-24,13606072.323146671
2026-02-25,13911895.1972565
2026-02-26,13622218.625697842
2026-02-27,13441770.987791106
2026-03-02,13408987.950957123
2026-03-03,12554908.758017506
2026-03-04,12892974.912792806
2026-03-05,12363136.554690812
2026-03-06,11651204.415954672
2026-03-09,12428412.94586924
2026-03-10,12737023.913191592
2026-03-11,12876614.43724901
2026-03-12,12483401.710384596
2026-03-13,12624330.135058677
2026-03-16,13141671.567139244
2026-03-17,13481290.675246801
2026-03-18,13485383.210617099
2026-03-19,13785359.298743282
2026-03-20,13051468.49957318
2026-03-23,13393393.427722871
2026-03-24,13910826.783003306
2026-03-25,13889593.486014063
2026-03-26,12779775.587788902
2026-03-27,12911533.709477708
2026-03-30,12086726.129406704
2026-03-31,12873737.417988783
2026-04-01,13083577.053000217
2026-04-02,12832257.037723394
2026-04-06,12779661.854777506
2026-04-07,12903977.161395425
2026-04-08,12985260.21141596
2026-04-09,13086266.4550412
2026-04-10,13062957.392048517
2026-04-13,13010063.082663348
2026-04-14,13300829.48514959
2026-04-15,13162468.915448204
2026-04-16,13151113.054405719
2026-04-17,13325931.482836261
2026-04-20,13211179.102566836
2026-04-21,12837038.500897648
2026-04-22,13007075.466153942
2026-04-23,12880967.224842034
2026-04-24,12947009.417992825
2026-04-27,12846601.427246148
2026-04-28,12608131.081266515
2026-04-29,12473655.507392384
2026-04-30,12660427.137773123
2026-05-01,13067096.067024954
2026-05-04,13212968.325666962
2026-05-05,13977658.564431427
2026-05-06,14334502.067774102
2026-05-07,13773667.93519029
2026-05-08,14641182.13846549
2026-05-11,15564544.743854802
2026-05-12,15000943.343621569
2026-05-13,15252364.755547496
2026-05-14,14933760.637654051
2026-05-15,14325816.937977253
2026-05-18,13616223.041659921
2026-05-19,13665015.098459866
2026-05-20,14023050.613490773
2026-05-21,14728822.718891291
2026-05-22,14675074.113421582
2026-05-26,15489405.61319846
2026-05-27,15510535.328844666
2026-05-28,15465329.797663864
2026-05-29,15441273.529021716
2026-06-01,15836989.28957222
2026-06-02,16450435.077076511
2026-06-03,16634631.316391068
2026-06-04,16075599.624087488
2026-06-05,14450660.667414196
2026-06-08,15087585.305898778
2026-06-09,14470934.830549246
2026-06-10,14137458.4949273
2026-06-11,15156395.08330825
2026-06-12,15775393.078122016
2026-06-15,16955486.93374295
2026-06-16,16235995.668750124
2026-06-17,16532280.182381034
2026-06-18,17135657.323138304
2026-06-22,17839688.61754924
2026-06-23,16647329.60054797
2026-06-24,16535845.817507926
2026-06-25,17399801.631486572
2026-06-26,16257283.81285408
2026-06-29,16877181.078121074
2026-06-30,17364117.728407577
2026-07-01,16161847.391152266
2026-07-02,14806179.680178614
2026-07-06,15309724.161523523
2026-07-07,14481616.64300121
2026-07-08,14863155.214407438
2026-07-09,15647117.535758002
2026-07-10,15664749.991264727
2026-07-13,14842573.511920268
2026-07-14,15349768.353964306
2026-07-15,14297873.392525898
2026-07-16,13217230.281187985
2026-07-17,13264797.336283403
2026-07-20,13495147.6464432
2026-07-21,14800322.25341592
2026-07-22,14921273.508397328
2026-07-23,14952829.222118678
2026-07-24,14035881.901016505
2026-07-27,13445820.576412277
2026-07-28,12333683.337889753
2026-07-29,11747675.988700308
2026-07-30,13413293.62944372
2026-07-31,13376894.362043517
2026-08-03,13611739.460919682
2026-08-04,14554926.562581453
2026-08-05,14243451.043027868
2026-08-06,13589222.452236459
2026-08-07,13580587.370056689
2026-08-10,13660467.156533843
2026-08-11,13627839.236002814
2026-08-12,14222096.230466498
2026-08-13,14809201.811068732
2026-08-14,15126402.34941761
2026-08-17,15322305.680553935
2026-08-18,14480213.771123206
2026-08-19,13947880.163847558
2026-08-20,14110952.01043774
2026-08-21,14047530.378270708
2026-08-24,13471685.0423454
2026-08-25,13786655.918083232
2026-08-26,14075724.702351311
2026-08-27,14187001.574145738
2026-08-28,13788891.910977956
2026-08-31,13832439.245013513
2026-09-01,13346348.989745583
2026-09-02,13337556.305115102
2026-09-03,13583863.451666214
2026-09-04,13973145.919271138
